2025-09-29 20:47:30 - werkzeug - INFO - _log:187 - [31m[1mWARNING: This is a development server. Do not use it in a production deployment. Use a production WSGI server instead.[0m
 * Running on all addresses (0.0.0.0)
 * Running on http://127.0.0.1:8000
 * Running on http://10.0.0.61:8000
2025-09-29 20:47:30 - werkzeug - INFO - _log:187 - [33mPress CTRL+C to quit[0m
2025-09-29 20:47:30 - werkzeug - INFO - _log:187 -  * Restarting with stat
2025-09-29 20:47:32 - werkzeug - WARNING - _log:187 -  * Debugger is active!
2025-09-29 20:47:32 - werkzeug - INFO - _log:187 -  * Debugger PIN: 106-121-401
2025-09-29 20:47:36 - werkzeug - INFO - _log:187 - 127.0.0.1 - - [29/Sep/2025 20:47:36] "[32mGET / HTTP/1.1[0m" 302 -
2025-09-29 20:47:36 - werkzeug - INFO - _log:187 - 127.0.0.1 - - [29/Sep/2025 20:47:36] "GET /accounts/login/ HTTP/1.1" 200 -
2025-09-29 20:47:37 - werkzeug - INFO - _log:187 - 127.0.0.1 - - [29/Sep/2025 20:47:37] "[35m[1mGET /favicon.ico HTTP/1.1[0m" 204 -
2025-09-29 20:47:41 - werkzeug - INFO - _log:187 - 127.0.0.1 - - [29/Sep/2025 20:47:41] "[32mGET /dev/skip-login/seller HTTP/1.1[0m" 302 -
2025-09-29 20:47:41 - werkzeug - INFO - _log:187 - 127.0.0.1 - - [29/Sep/2025 20:47:41] "GET /index HTTP/1.1" 200 -
2025-09-29 20:47:41 - werkzeug - INFO - _log:187 - 127.0.0.1 - - [29/Sep/2025 20:47:41] "[35m[1mGET /favicon.ico HTTP/1.1[0m" 204 -
2025-09-29 20:51:24 - werkzeug - INFO - _log:187 - [31m[1mWARNING: This is a development server. Do not use it in a production deployment. Use a production WSGI server instead.[0m
 * Running on all addresses (0.0.0.0)
 * Running on http://127.0.0.1:8000
 * Running on http://10.0.0.61:8000
2025-09-29 20:51:24 - werkzeug - INFO - _log:187 - [33mPress CTRL+C to quit[0m
2025-09-29 20:51:24 - werkzeug - INFO - _log:187 -  * Restarting with stat
2025-09-29 20:51:27 - werkzeug - WARNING - _log:187 -  * Debugger is active!
2025-09-29 20:51:27 - werkzeug - INFO - _log:187 -  * Debugger PIN: 106-121-401
2025-09-29 20:56:24 - apscheduler.executors.default - INFO - run_job:129 - Running job "TransactionManager.check_scheduled_deadlines (trigger: interval[0:05:00], next run at: 2025-09-29 21:01:24 EDT)" (scheduled at 2025-09-29 20:56:24.252358-04:00)
2025-09-29 20:56:24 - apscheduler.executors.default - ERROR - run_job:145 - Job "TransactionManager.check_scheduled_deadlines (trigger: interval[0:05:00], next run at: 2025-09-29 21:01:24 EDT)" raised an exception
Traceback (most recent call last):
  File "C:\Users\vedav\OneDrive\Documents\GitHub\Safe-Transaction\env\Lib\site-packages\apscheduler\executors\base.py", line 131, in run_job
    retval = job.func(*job.args, **job.kwargs)
             ^^^^^^^^^^^^^^^^^^^^^^^^^^^^^^^^^
  File "C:\Users\vedav\OneDrive\Documents\GitHub\Safe-Transaction\insta485\transaction_manager.py", line 558, in check_scheduled_deadlines
    expired_tickets = self.connection.execute("""
                      ^^^^^^^^^^^^^^^
AttributeError: 'TransactionManager' object has no attribute 'connection'
2025-09-29 20:56:27 - apscheduler.executors.default - INFO - run_job:129 - Running job "TransactionManager.check_scheduled_deadlines (trigger: interval[0:05:00], next run at: 2025-09-29 21:01:27 EDT)" (scheduled at 2025-09-29 20:56:27.311241-04:00)
2025-09-29 20:56:27 - apscheduler.executors.default - ERROR - run_job:145 - Job "TransactionManager.check_scheduled_deadlines (trigger: interval[0:05:00], next run at: 2025-09-29 21:01:27 EDT)" raised an exception
Traceback (most recent call last):
  File "C:\Users\vedav\OneDrive\Documents\GitHub\Safe-Transaction\env\Lib\site-packages\apscheduler\executors\base.py", line 131, in run_job
    retval = job.func(*job.args, **job.kwargs)
             ^^^^^^^^^^^^^^^^^^^^^^^^^^^^^^^^^
  File "C:\Users\vedav\OneDrive\Documents\GitHub\Safe-Transaction\insta485\transaction_manager.py", line 558, in check_scheduled_deadlines
    expired_tickets = self.connection.execute("""
                      ^^^^^^^^^^^^^^^
AttributeError: 'TransactionManager' object has no attribute 'connection'
2025-09-29 20:58:28 - werkzeug - INFO - _log:187 - 127.0.0.1 - - [29/Sep/2025 20:58:28] "[32mGET /seller HTTP/1.1[0m" 302 -
2025-09-29 20:58:28 - werkzeug - INFO - _log:187 - 127.0.0.1 - - [29/Sep/2025 20:58:28] "GET /accounts/login/ HTTP/1.1" 200 -
2025-09-29 21:01:01 - werkzeug - INFO - _log:187 -  * Detected change in 'C:\\Users\\vedav\\OneDrive\\Documents\\GitHub\\Safe-Transaction\\insta485\\views\\index.py', reloading
2025-09-29 21:01:03 - werkzeug - INFO - _log:187 -  * Restarting with stat
2025-09-29 21:01:24 - apscheduler.executors.default - INFO - run_job:129 - Running job "TransactionManager.check_scheduled_deadlines (trigger: interval[0:05:00], next run at: 2025-09-29 21:06:24 EDT)" (scheduled at 2025-09-29 21:01:24.252358-04:00)
2025-09-29 21:01:24 - apscheduler.executors.default - ERROR - run_job:145 - Job "TransactionManager.check_scheduled_deadlines (trigger: interval[0:05:00], next run at: 2025-09-29 21:06:24 EDT)" raised an exception
Traceback (most recent call last):
  File "C:\Users\vedav\OneDrive\Documents\GitHub\Safe-Transaction\env\Lib\site-packages\apscheduler\executors\base.py", line 131, in run_job
    retval = job.func(*job.args, **job.kwargs)
             ^^^^^^^^^^^^^^^^^^^^^^^^^^^^^^^^^
  File "C:\Users\vedav\OneDrive\Documents\GitHub\Safe-Transaction\insta485\transaction_manager.py", line 558, in check_scheduled_deadlines
    expired_tickets = self.connection.execute("""
                      ^^^^^^^^^^^^^^^
AttributeError: 'TransactionManager' object has no attribute 'connection'
2025-09-29 21:06:24 - apscheduler.executors.default - INFO - run_job:129 - Running job "TransactionManager.check_scheduled_deadlines (trigger: interval[0:05:00], next run at: 2025-09-29 21:11:24 EDT)" (scheduled at 2025-09-29 21:06:24.252358-04:00)
2025-09-29 21:06:24 - apscheduler.executors.default - ERROR - run_job:145 - Job "TransactionManager.check_scheduled_deadlines (trigger: interval[0:05:00], next run at: 2025-09-29 21:11:24 EDT)" raised an exception
Traceback (most recent call last):
  File "C:\Users\vedav\OneDrive\Documents\GitHub\Safe-Transaction\env\Lib\site-packages\apscheduler\executors\base.py", line 131, in run_job
    retval = job.func(*job.args, **job.kwargs)
             ^^^^^^^^^^^^^^^^^^^^^^^^^^^^^^^^^
  File "C:\Users\vedav\OneDrive\Documents\GitHub\Safe-Transaction\insta485\transaction_manager.py", line 558, in check_scheduled_deadlines
    expired_tickets = self.connection.execute("""
                      ^^^^^^^^^^^^^^^
AttributeError: 'TransactionManager' object has no attribute 'connection'
2025-09-29 21:11:24 - apscheduler.executors.default - INFO - run_job:129 - Running job "TransactionManager.check_scheduled_deadlines (trigger: interval[0:05:00], next run at: 2025-09-29 21:16:24 EDT)" (scheduled at 2025-09-29 21:11:24.252358-04:00)
2025-09-29 21:11:24 - apscheduler.executors.default - ERROR - run_job:145 - Job "TransactionManager.check_scheduled_deadlines (trigger: interval[0:05:00], next run at: 2025-09-29 21:16:24 EDT)" raised an exception
Traceback (most recent call last):
  File "C:\Users\vedav\OneDrive\Documents\GitHub\Safe-Transaction\env\Lib\site-packages\apscheduler\executors\base.py", line 131, in run_job
    retval = job.func(*job.args, **job.kwargs)
             ^^^^^^^^^^^^^^^^^^^^^^^^^^^^^^^^^
  File "C:\Users\vedav\OneDrive\Documents\GitHub\Safe-Transaction\insta485\transaction_manager.py", line 558, in check_scheduled_deadlines
    expired_tickets = self.connection.execute("""
                      ^^^^^^^^^^^^^^^
AttributeError: 'TransactionManager' object has no attribute 'connection'
2025-09-29 21:16:24 - apscheduler.executors.default - INFO - run_job:129 - Running job "TransactionManager.check_scheduled_deadlines (trigger: interval[0:05:00], next run at: 2025-09-29 21:21:24 EDT)" (scheduled at 2025-09-29 21:16:24.252358-04:00)
2025-09-29 21:16:24 - apscheduler.executors.default - ERROR - run_job:145 - Job "TransactionManager.check_scheduled_deadlines (trigger: interval[0:05:00], next run at: 2025-09-29 21:21:24 EDT)" raised an exception
Traceback (most recent call last):
  File "C:\Users\vedav\OneDrive\Documents\GitHub\Safe-Transaction\env\Lib\site-packages\apscheduler\executors\base.py", line 131, in run_job
    retval = job.func(*job.args, **job.kwargs)
             ^^^^^^^^^^^^^^^^^^^^^^^^^^^^^^^^^
  File "C:\Users\vedav\OneDrive\Documents\GitHub\Safe-Transaction\insta485\transaction_manager.py", line 558, in check_scheduled_deadlines
    expired_tickets = self.connection.execute("""
                      ^^^^^^^^^^^^^^^
AttributeError: 'TransactionManager' object has no attribute 'connection'
2025-09-29 21:21:24 - apscheduler.executors.default - INFO - run_job:129 - Running job "TransactionManager.check_scheduled_deadlines (trigger: interval[0:05:00], next run at: 2025-09-29 21:26:24 EDT)" (scheduled at 2025-09-29 21:21:24.252358-04:00)
2025-09-29 21:21:24 - apscheduler.executors.default - ERROR - run_job:145 - Job "TransactionManager.check_scheduled_deadlines (trigger: interval[0:05:00], next run at: 2025-09-29 21:26:24 EDT)" raised an exception
Traceback (most recent call last):
  File "C:\Users\vedav\OneDrive\Documents\GitHub\Safe-Transaction\env\Lib\site-packages\apscheduler\executors\base.py", line 131, in run_job
    retval = job.func(*job.args, **job.kwargs)
             ^^^^^^^^^^^^^^^^^^^^^^^^^^^^^^^^^
  File "C:\Users\vedav\OneDrive\Documents\GitHub\Safe-Transaction\insta485\transaction_manager.py", line 558, in check_scheduled_deadlines
    expired_tickets = self.connection.execute("""
                      ^^^^^^^^^^^^^^^
AttributeError: 'TransactionManager' object has no attribute 'connection'
2025-09-29 21:26:24 - apscheduler.executors.default - INFO - run_job:129 - Running job "TransactionManager.check_scheduled_deadlines (trigger: interval[0:05:00], next run at: 2025-09-29 21:31:24 EDT)" (scheduled at 2025-09-29 21:26:24.252358-04:00)
2025-09-29 21:26:24 - apscheduler.executors.default - ERROR - run_job:145 - Job "TransactionManager.check_scheduled_deadlines (trigger: interval[0:05:00], next run at: 2025-09-29 21:31:24 EDT)" raised an exception
Traceback (most recent call last):
  File "C:\Users\vedav\OneDrive\Documents\GitHub\Safe-Transaction\env\Lib\site-packages\apscheduler\executors\base.py", line 131, in run_job
    retval = job.func(*job.args, **job.kwargs)
             ^^^^^^^^^^^^^^^^^^^^^^^^^^^^^^^^^
  File "C:\Users\vedav\OneDrive\Documents\GitHub\Safe-Transaction\insta485\transaction_manager.py", line 558, in check_scheduled_deadlines
    expired_tickets = self.connection.execute("""
                      ^^^^^^^^^^^^^^^
AttributeError: 'TransactionManager' object has no attribute 'connection'
2025-09-29 21:31:24 - apscheduler.executors.default - INFO - run_job:129 - Running job "TransactionManager.check_scheduled_deadlines (trigger: interval[0:05:00], next run at: 2025-09-29 21:36:24 EDT)" (scheduled at 2025-09-29 21:31:24.252358-04:00)
2025-09-29 21:31:24 - apscheduler.executors.default - ERROR - run_job:145 - Job "TransactionManager.check_scheduled_deadlines (trigger: interval[0:05:00], next run at: 2025-09-29 21:36:24 EDT)" raised an exception
Traceback (most recent call last):
  File "C:\Users\vedav\OneDrive\Documents\GitHub\Safe-Transaction\env\Lib\site-packages\apscheduler\executors\base.py", line 131, in run_job
    retval = job.func(*job.args, **job.kwargs)
             ^^^^^^^^^^^^^^^^^^^^^^^^^^^^^^^^^
  File "C:\Users\vedav\OneDrive\Documents\GitHub\Safe-Transaction\insta485\transaction_manager.py", line 558, in check_scheduled_deadlines
    expired_tickets = self.connection.execute("""
                      ^^^^^^^^^^^^^^^
AttributeError: 'TransactionManager' object has no attribute 'connection'
2025-09-29 21:36:24 - apscheduler.executors.default - INFO - run_job:129 - Running job "TransactionManager.check_scheduled_deadlines (trigger: interval[0:05:00], next run at: 2025-09-29 21:41:24 EDT)" (scheduled at 2025-09-29 21:36:24.252358-04:00)
2025-09-29 21:36:24 - apscheduler.executors.default - ERROR - run_job:145 - Job "TransactionManager.check_scheduled_deadlines (trigger: interval[0:05:00], next run at: 2025-09-29 21:41:24 EDT)" raised an exception
Traceback (most recent call last):
  File "C:\Users\vedav\OneDrive\Documents\GitHub\Safe-Transaction\env\Lib\site-packages\apscheduler\executors\base.py", line 131, in run_job
    retval = job.func(*job.args, **job.kwargs)
             ^^^^^^^^^^^^^^^^^^^^^^^^^^^^^^^^^
  File "C:\Users\vedav\OneDrive\Documents\GitHub\Safe-Transaction\insta485\transaction_manager.py", line 558, in check_scheduled_deadlines
    expired_tickets = self.connection.execute("""
                      ^^^^^^^^^^^^^^^
AttributeError: 'TransactionManager' object has no attribute 'connection'
2025-09-29 21:38:46 - werkzeug - INFO - _log:187 -  * Restarting with stat
2025-09-29 21:41:24 - apscheduler.executors.default - INFO - run_job:129 - Running job "TransactionManager.check_scheduled_deadlines (trigger: interval[0:05:00], next run at: 2025-09-29 21:46:24 EDT)" (scheduled at 2025-09-29 21:41:24.252358-04:00)
2025-09-29 21:41:24 - apscheduler.executors.default - ERROR - run_job:145 - Job "TransactionManager.check_scheduled_deadlines (trigger: interval[0:05:00], next run at: 2025-09-29 21:46:24 EDT)" raised an exception
Traceback (most recent call last):
  File "C:\Users\vedav\OneDrive\Documents\GitHub\Safe-Transaction\env\Lib\site-packages\apscheduler\executors\base.py", line 131, in run_job
    retval = job.func(*job.args, **job.kwargs)
             ^^^^^^^^^^^^^^^^^^^^^^^^^^^^^^^^^
  File "C:\Users\vedav\OneDrive\Documents\GitHub\Safe-Transaction\insta485\transaction_manager.py", line 558, in check_scheduled_deadlines
    expired_tickets = self.connection.execute("""
                      ^^^^^^^^^^^^^^^
AttributeError: 'TransactionManager' object has no attribute 'connection'
2025-09-29 21:46:18 - werkzeug - INFO - _log:187 -  * Restarting with stat
2025-09-29 21:46:24 - apscheduler.executors.default - INFO - run_job:129 - Running job "TransactionManager.check_scheduled_deadlines (trigger: interval[0:05:00], next run at: 2025-09-29 21:51:24 EDT)" (scheduled at 2025-09-29 21:46:24.252358-04:00)
2025-09-29 21:46:24 - apscheduler.executors.default - ERROR - run_job:145 - Job "TransactionManager.check_scheduled_deadlines (trigger: interval[0:05:00], next run at: 2025-09-29 21:51:24 EDT)" raised an exception
Traceback (most recent call last):
  File "C:\Users\vedav\OneDrive\Documents\GitHub\Safe-Transaction\env\Lib\site-packages\apscheduler\executors\base.py", line 131, in run_job
    retval = job.func(*job.args, **job.kwargs)
             ^^^^^^^^^^^^^^^^^^^^^^^^^^^^^^^^^
  File "C:\Users\vedav\OneDrive\Documents\GitHub\Safe-Transaction\insta485\transaction_manager.py", line 558, in check_scheduled_deadlines
    expired_tickets = self.connection.execute("""
                      ^^^^^^^^^^^^^^^
AttributeError: 'TransactionManager' object has no attribute 'connection'
2025-09-29 21:47:41 - werkzeug - INFO - _log:187 -  * Restarting with stat
2025-09-29 21:48:59 - werkzeug - INFO - _log:187 -  * Restarting with stat
2025-09-29 21:49:05 - werkzeug - INFO - _log:187 -  * Restarting with stat
2025-09-29 21:49:12 - werkzeug - INFO - _log:187 -  * Restarting with stat
2025-09-29 21:49:20 - werkzeug - INFO - _log:187 -  * Restarting with stat
2025-09-29 21:49:27 - werkzeug - INFO - _log:187 -  * Restarting with stat
2025-09-29 21:49:41 - werkzeug - INFO - _log:187 -  * Restarting with stat
2025-09-29 21:49:48 - werkzeug - INFO - _log:187 -  * Restarting with stat
2025-09-29 21:49:50 - werkzeug - WARNING - _log:187 -  * Debugger is active!
2025-09-29 21:49:50 - werkzeug - INFO - _log:187 -  * Debugger PIN: 106-121-401
2025-09-29 21:51:24 - apscheduler.executors.default - INFO - run_job:129 - Running job "TransactionManager.check_scheduled_deadlines (trigger: interval[0:05:00], next run at: 2025-09-29 21:56:24 EDT)" (scheduled at 2025-09-29 21:51:24.252358-04:00)
2025-09-29 21:51:24 - apscheduler.executors.default - ERROR - run_job:145 - Job "TransactionManager.check_scheduled_deadlines (trigger: interval[0:05:00], next run at: 2025-09-29 21:56:24 EDT)" raised an exception
Traceback (most recent call last):
  File "C:\Users\vedav\OneDrive\Documents\GitHub\Safe-Transaction\env\Lib\site-packages\apscheduler\executors\base.py", line 131, in run_job
    retval = job.func(*job.args, **job.kwargs)
             ^^^^^^^^^^^^^^^^^^^^^^^^^^^^^^^^^
  File "C:\Users\vedav\OneDrive\Documents\GitHub\Safe-Transaction\insta485\transaction_manager.py", line 558, in check_scheduled_deadlines
    expired_tickets = self.connection.execute("""
                      ^^^^^^^^^^^^^^^
AttributeError: 'TransactionManager' object has no attribute 'connection'
2025-09-29 21:53:14 - werkzeug - INFO - _log:187 -  * Detected change in 'C:\\Users\\vedav\\OneDrive\\Documents\\GitHub\\Safe-Transaction\\insta485\\views\\index.py', reloading
2025-09-29 21:53:17 - werkzeug - INFO - _log:187 -  * Restarting with stat
2025-09-29 21:53:28 - werkzeug - WARNING - _log:187 -  * Debugger is active!
2025-09-29 21:53:28 - werkzeug - INFO - _log:187 -  * Debugger PIN: 106-121-401
2025-09-29 21:56:24 - apscheduler.executors.default - INFO - run_job:129 - Running job "TransactionManager.check_scheduled_deadlines (trigger: interval[0:05:00], next run at: 2025-09-29 22:01:24 EDT)" (scheduled at 2025-09-29 21:56:24.252358-04:00)
2025-09-29 21:56:24 - apscheduler.executors.default - ERROR - run_job:145 - Job "TransactionManager.check_scheduled_deadlines (trigger: interval[0:05:00], next run at: 2025-09-29 22:01:24 EDT)" raised an exception
Traceback (most recent call last):
  File "C:\Users\vedav\OneDrive\Documents\GitHub\Safe-Transaction\env\Lib\site-packages\apscheduler\executors\base.py", line 131, in run_job
    retval = job.func(*job.args, **job.kwargs)
             ^^^^^^^^^^^^^^^^^^^^^^^^^^^^^^^^^
  File "C:\Users\vedav\OneDrive\Documents\GitHub\Safe-Transaction\insta485\transaction_manager.py", line 558, in check_scheduled_deadlines
    expired_tickets = self.connection.execute("""
                      ^^^^^^^^^^^^^^^
AttributeError: 'TransactionManager' object has no attribute 'connection'
2025-09-29 21:58:27 - apscheduler.executors.default - INFO - run_job:129 - Running job "TransactionManager.check_scheduled_deadlines (trigger: interval[0:05:00], next run at: 2025-09-29 22:03:27 EDT)" (scheduled at 2025-09-29 21:58:27.944851-04:00)
2025-09-29 21:58:27 - apscheduler.executors.default - ERROR - run_job:145 - Job "TransactionManager.check_scheduled_deadlines (trigger: interval[0:05:00], next run at: 2025-09-29 22:03:27 EDT)" raised an exception
Traceback (most recent call last):
  File "C:\Users\vedav\OneDrive\Documents\GitHub\Safe-Transaction\env\Lib\site-packages\apscheduler\executors\base.py", line 131, in run_job
    retval = job.func(*job.args, **job.kwargs)
             ^^^^^^^^^^^^^^^^^^^^^^^^^^^^^^^^^
  File "C:\Users\vedav\OneDrive\Documents\GitHub\Safe-Transaction\insta485\transaction_manager.py", line 558, in check_scheduled_deadlines
    expired_tickets = self.connection.execute("""
                      ^^^^^^^^^^^^^^^
AttributeError: 'TransactionManager' object has no attribute 'connection'
2025-09-29 22:01:24 - apscheduler.executors.default - INFO - run_job:129 - Running job "TransactionManager.check_scheduled_deadlines (trigger: interval[0:05:00], next run at: 2025-09-29 22:06:24 EDT)" (scheduled at 2025-09-29 22:01:24.252358-04:00)
2025-09-29 22:01:24 - apscheduler.executors.default - ERROR - run_job:145 - Job "TransactionManager.check_scheduled_deadlines (trigger: interval[0:05:00], next run at: 2025-09-29 22:06:24 EDT)" raised an exception
Traceback (most recent call last):
  File "C:\Users\vedav\OneDrive\Documents\GitHub\Safe-Transaction\env\Lib\site-packages\apscheduler\executors\base.py", line 131, in run_job
    retval = job.func(*job.args, **job.kwargs)
             ^^^^^^^^^^^^^^^^^^^^^^^^^^^^^^^^^
  File "C:\Users\vedav\OneDrive\Documents\GitHub\Safe-Transaction\insta485\transaction_manager.py", line 558, in check_scheduled_deadlines
    expired_tickets = self.connection.execute("""
                      ^^^^^^^^^^^^^^^
AttributeError: 'TransactionManager' object has no attribute 'connection'
2025-09-29 22:02:43 - werkzeug - INFO - _log:187 -  * Detected change in 'C:\\Users\\vedav\\OneDrive\\Documents\\GitHub\\Safe-Transaction\\insta485\\views\\index.py', reloading
2025-09-29 22:02:45 - werkzeug - INFO - _log:187 -  * Restarting with stat
2025-09-29 22:02:48 - werkzeug - WARNING - _log:187 -  * Debugger is active!
2025-09-29 22:02:48 - werkzeug - INFO - _log:187 -  * Debugger PIN: 106-121-401
2025-09-29 22:06:24 - apscheduler.executors.default - INFO - run_job:129 - Running job "TransactionManager.check_scheduled_deadlines (trigger: interval[0:05:00], next run at: 2025-09-29 22:11:24 EDT)" (scheduled at 2025-09-29 22:06:24.252358-04:00)
2025-09-29 22:06:24 - apscheduler.executors.default - ERROR - run_job:145 - Job "TransactionManager.check_scheduled_deadlines (trigger: interval[0:05:00], next run at: 2025-09-29 22:11:24 EDT)" raised an exception
Traceback (most recent call last):
  File "C:\Users\vedav\OneDrive\Documents\GitHub\Safe-Transaction\env\Lib\site-packages\apscheduler\executors\base.py", line 131, in run_job
    retval = job.func(*job.args, **job.kwargs)
             ^^^^^^^^^^^^^^^^^^^^^^^^^^^^^^^^^
  File "C:\Users\vedav\OneDrive\Documents\GitHub\Safe-Transaction\insta485\transaction_manager.py", line 558, in check_scheduled_deadlines
    expired_tickets = self.connection.execute("""
                      ^^^^^^^^^^^^^^^
AttributeError: 'TransactionManager' object has no attribute 'connection'
2025-09-29 22:07:48 - apscheduler.executors.default - INFO - run_job:129 - Running job "TransactionManager.check_scheduled_deadlines (trigger: interval[0:05:00], next run at: 2025-09-29 22:12:48 EDT)" (scheduled at 2025-09-29 22:07:48.122483-04:00)
2025-09-29 22:07:48 - apscheduler.executors.default - ERROR - run_job:145 - Job "TransactionManager.check_scheduled_deadlines (trigger: interval[0:05:00], next run at: 2025-09-29 22:12:48 EDT)" raised an exception
Traceback (most recent call last):
  File "C:\Users\vedav\OneDrive\Documents\GitHub\Safe-Transaction\env\Lib\site-packages\apscheduler\executors\base.py", line 131, in run_job
    retval = job.func(*job.args, **job.kwargs)
             ^^^^^^^^^^^^^^^^^^^^^^^^^^^^^^^^^
  File "C:\Users\vedav\OneDrive\Documents\GitHub\Safe-Transaction\insta485\transaction_manager.py", line 558, in check_scheduled_deadlines
    expired_tickets = self.connection.execute("""
                      ^^^^^^^^^^^^^^^
AttributeError: 'TransactionManager' object has no attribute 'connection'
2025-09-29 22:11:24 - apscheduler.executors.default - INFO - run_job:129 - Running job "TransactionManager.check_scheduled_deadlines (trigger: interval[0:05:00], next run at: 2025-09-29 22:16:24 EDT)" (scheduled at 2025-09-29 22:11:24.252358-04:00)
2025-09-29 22:11:24 - apscheduler.executors.default - ERROR - run_job:145 - Job "TransactionManager.check_scheduled_deadlines (trigger: interval[0:05:00], next run at: 2025-09-29 22:16:24 EDT)" raised an exception
Traceback (most recent call last):
  File "C:\Users\vedav\OneDrive\Documents\GitHub\Safe-Transaction\env\Lib\site-packages\apscheduler\executors\base.py", line 131, in run_job
    retval = job.func(*job.args, **job.kwargs)
             ^^^^^^^^^^^^^^^^^^^^^^^^^^^^^^^^^
  File "C:\Users\vedav\OneDrive\Documents\GitHub\Safe-Transaction\insta485\transaction_manager.py", line 558, in check_scheduled_deadlines
    expired_tickets = self.connection.execute("""
                      ^^^^^^^^^^^^^^^
AttributeError: 'TransactionManager' object has no attribute 'connection'
2025-09-29 22:12:48 - apscheduler.executors.default - INFO - run_job:129 - Running job "TransactionManager.check_scheduled_deadlines (trigger: interval[0:05:00], next run at: 2025-09-29 22:17:48 EDT)" (scheduled at 2025-09-29 22:12:48.122483-04:00)
2025-09-29 22:12:48 - apscheduler.executors.default - ERROR - run_job:145 - Job "TransactionManager.check_scheduled_deadlines (trigger: interval[0:05:00], next run at: 2025-09-29 22:17:48 EDT)" raised an exception
Traceback (most recent call last):
  File "C:\Users\vedav\OneDrive\Documents\GitHub\Safe-Transaction\env\Lib\site-packages\apscheduler\executors\base.py", line 131, in run_job
    retval = job.func(*job.args, **job.kwargs)
             ^^^^^^^^^^^^^^^^^^^^^^^^^^^^^^^^^
  File "C:\Users\vedav\OneDrive\Documents\GitHub\Safe-Transaction\insta485\transaction_manager.py", line 558, in check_scheduled_deadlines
    expired_tickets = self.connection.execute("""
                      ^^^^^^^^^^^^^^^
AttributeError: 'TransactionManager' object has no attribute 'connection'
2025-09-29 22:16:24 - apscheduler.executors.default - INFO - run_job:129 - Running job "TransactionManager.check_scheduled_deadlines (trigger: interval[0:05:00], next run at: 2025-09-29 22:21:24 EDT)" (scheduled at 2025-09-29 22:16:24.252358-04:00)
2025-09-29 22:16:24 - apscheduler.executors.default - ERROR - run_job:145 - Job "TransactionManager.check_scheduled_deadlines (trigger: interval[0:05:00], next run at: 2025-09-29 22:21:24 EDT)" raised an exception
Traceback (most recent call last):
  File "C:\Users\vedav\OneDrive\Documents\GitHub\Safe-Transaction\env\Lib\site-packages\apscheduler\executors\base.py", line 131, in run_job
    retval = job.func(*job.args, **job.kwargs)
             ^^^^^^^^^^^^^^^^^^^^^^^^^^^^^^^^^
  File "C:\Users\vedav\OneDrive\Documents\GitHub\Safe-Transaction\insta485\transaction_manager.py", line 558, in check_scheduled_deadlines
    expired_tickets = self.connection.execute("""
                      ^^^^^^^^^^^^^^^
AttributeError: 'TransactionManager' object has no attribute 'connection'
2025-09-29 22:17:48 - apscheduler.executors.default - INFO - run_job:129 - Running job "TransactionManager.check_scheduled_deadlines (trigger: interval[0:05:00], next run at: 2025-09-29 22:22:48 EDT)" (scheduled at 2025-09-29 22:17:48.122483-04:00)
2025-09-29 22:17:48 - apscheduler.executors.default - ERROR - run_job:145 - Job "TransactionManager.check_scheduled_deadlines (trigger: interval[0:05:00], next run at: 2025-09-29 22:22:48 EDT)" raised an exception
Traceback (most recent call last):
  File "C:\Users\vedav\OneDrive\Documents\GitHub\Safe-Transaction\env\Lib\site-packages\apscheduler\executors\base.py", line 131, in run_job
    retval = job.func(*job.args, **job.kwargs)
             ^^^^^^^^^^^^^^^^^^^^^^^^^^^^^^^^^
  File "C:\Users\vedav\OneDrive\Documents\GitHub\Safe-Transaction\insta485\transaction_manager.py", line 558, in check_scheduled_deadlines
    expired_tickets = self.connection.execute("""
                      ^^^^^^^^^^^^^^^
AttributeError: 'TransactionManager' object has no attribute 'connection'
2025-09-29 22:21:24 - apscheduler.executors.default - INFO - run_job:129 - Running job "TransactionManager.check_scheduled_deadlines (trigger: interval[0:05:00], next run at: 2025-09-29 22:26:24 EDT)" (scheduled at 2025-09-29 22:21:24.252358-04:00)
2025-09-29 22:21:24 - apscheduler.executors.default - ERROR - run_job:145 - Job "TransactionManager.check_scheduled_deadlines (trigger: interval[0:05:00], next run at: 2025-09-29 22:26:24 EDT)" raised an exception
Traceback (most recent call last):
  File "C:\Users\vedav\OneDrive\Documents\GitHub\Safe-Transaction\env\Lib\site-packages\apscheduler\executors\base.py", line 131, in run_job
    retval = job.func(*job.args, **job.kwargs)
             ^^^^^^^^^^^^^^^^^^^^^^^^^^^^^^^^^
  File "C:\Users\vedav\OneDrive\Documents\GitHub\Safe-Transaction\insta485\transaction_manager.py", line 558, in check_scheduled_deadlines
    expired_tickets = self.connection.execute("""
                      ^^^^^^^^^^^^^^^
AttributeError: 'TransactionManager' object has no attribute 'connection'
2025-09-29 22:22:48 - apscheduler.executors.default - INFO - run_job:129 - Running job "TransactionManager.check_scheduled_deadlines (trigger: interval[0:05:00], next run at: 2025-09-29 22:27:48 EDT)" (scheduled at 2025-09-29 22:22:48.122483-04:00)
2025-09-29 22:22:48 - apscheduler.executors.default - ERROR - run_job:145 - Job "TransactionManager.check_scheduled_deadlines (trigger: interval[0:05:00], next run at: 2025-09-29 22:27:48 EDT)" raised an exception
Traceback (most recent call last):
  File "C:\Users\vedav\OneDrive\Documents\GitHub\Safe-Transaction\env\Lib\site-packages\apscheduler\executors\base.py", line 131, in run_job
    retval = job.func(*job.args, **job.kwargs)
             ^^^^^^^^^^^^^^^^^^^^^^^^^^^^^^^^^
  File "C:\Users\vedav\OneDrive\Documents\GitHub\Safe-Transaction\insta485\transaction_manager.py", line 558, in check_scheduled_deadlines
    expired_tickets = self.connection.execute("""
                      ^^^^^^^^^^^^^^^
AttributeError: 'TransactionManager' object has no attribute 'connection'
2025-09-29 22:26:24 - apscheduler.executors.default - INFO - run_job:129 - Running job "TransactionManager.check_scheduled_deadlines (trigger: interval[0:05:00], next run at: 2025-09-29 22:31:24 EDT)" (scheduled at 2025-09-29 22:26:24.252358-04:00)
2025-09-29 22:26:24 - apscheduler.executors.default - ERROR - run_job:145 - Job "TransactionManager.check_scheduled_deadlines (trigger: interval[0:05:00], next run at: 2025-09-29 22:31:24 EDT)" raised an exception
Traceback (most recent call last):
  File "C:\Users\vedav\OneDrive\Documents\GitHub\Safe-Transaction\env\Lib\site-packages\apscheduler\executors\base.py", line 131, in run_job
    retval = job.func(*job.args, **job.kwargs)
             ^^^^^^^^^^^^^^^^^^^^^^^^^^^^^^^^^
  File "C:\Users\vedav\OneDrive\Documents\GitHub\Safe-Transaction\insta485\transaction_manager.py", line 558, in check_scheduled_deadlines
    expired_tickets = self.connection.execute("""
                      ^^^^^^^^^^^^^^^
AttributeError: 'TransactionManager' object has no attribute 'connection'
2025-09-29 22:27:48 - apscheduler.executors.default - INFO - run_job:129 - Running job "TransactionManager.check_scheduled_deadlines (trigger: interval[0:05:00], next run at: 2025-09-29 22:32:48 EDT)" (scheduled at 2025-09-29 22:27:48.122483-04:00)
2025-09-29 22:27:48 - apscheduler.executors.default - ERROR - run_job:145 - Job "TransactionManager.check_scheduled_deadlines (trigger: interval[0:05:00], next run at: 2025-09-29 22:32:48 EDT)" raised an exception
Traceback (most recent call last):
  File "C:\Users\vedav\OneDrive\Documents\GitHub\Safe-Transaction\env\Lib\site-packages\apscheduler\executors\base.py", line 131, in run_job
    retval = job.func(*job.args, **job.kwargs)
             ^^^^^^^^^^^^^^^^^^^^^^^^^^^^^^^^^
  File "C:\Users\vedav\OneDrive\Documents\GitHub\Safe-Transaction\insta485\transaction_manager.py", line 558, in check_scheduled_deadlines
    expired_tickets = self.connection.execute("""
                      ^^^^^^^^^^^^^^^
AttributeError: 'TransactionManager' object has no attribute 'connection'
2025-09-29 22:31:24 - apscheduler.executors.default - INFO - run_job:129 - Running job "TransactionManager.check_scheduled_deadlines (trigger: interval[0:05:00], next run at: 2025-09-29 22:36:24 EDT)" (scheduled at 2025-09-29 22:31:24.252358-04:00)
2025-09-29 22:31:24 - apscheduler.executors.default - ERROR - run_job:145 - Job "TransactionManager.check_scheduled_deadlines (trigger: interval[0:05:00], next run at: 2025-09-29 22:36:24 EDT)" raised an exception
Traceback (most recent call last):
  File "C:\Users\vedav\OneDrive\Documents\GitHub\Safe-Transaction\env\Lib\site-packages\apscheduler\executors\base.py", line 131, in run_job
    retval = job.func(*job.args, **job.kwargs)
             ^^^^^^^^^^^^^^^^^^^^^^^^^^^^^^^^^
  File "C:\Users\vedav\OneDrive\Documents\GitHub\Safe-Transaction\insta485\transaction_manager.py", line 558, in check_scheduled_deadlines
    expired_tickets = self.connection.execute("""
                      ^^^^^^^^^^^^^^^
AttributeError: 'TransactionManager' object has no attribute 'connection'
2025-09-29 22:32:48 - apscheduler.executors.default - INFO - run_job:129 - Running job "TransactionManager.check_scheduled_deadlines (trigger: interval[0:05:00], next run at: 2025-09-29 22:37:48 EDT)" (scheduled at 2025-09-29 22:32:48.122483-04:00)
2025-09-29 22:32:48 - apscheduler.executors.default - ERROR - run_job:145 - Job "TransactionManager.check_scheduled_deadlines (trigger: interval[0:05:00], next run at: 2025-09-29 22:37:48 EDT)" raised an exception
Traceback (most recent call last):
  File "C:\Users\vedav\OneDrive\Documents\GitHub\Safe-Transaction\env\Lib\site-packages\apscheduler\executors\base.py", line 131, in run_job
    retval = job.func(*job.args, **job.kwargs)
             ^^^^^^^^^^^^^^^^^^^^^^^^^^^^^^^^^
  File "C:\Users\vedav\OneDrive\Documents\GitHub\Safe-Transaction\insta485\transaction_manager.py", line 558, in check_scheduled_deadlines
    expired_tickets = self.connection.execute("""
                      ^^^^^^^^^^^^^^^
AttributeError: 'TransactionManager' object has no attribute 'connection'
2025-09-29 22:36:24 - apscheduler.executors.default - INFO - run_job:129 - Running job "TransactionManager.check_scheduled_deadlines (trigger: interval[0:05:00], next run at: 2025-09-29 22:41:24 EDT)" (scheduled at 2025-09-29 22:36:24.252358-04:00)
2025-09-29 22:36:24 - apscheduler.executors.default - ERROR - run_job:145 - Job "TransactionManager.check_scheduled_deadlines (trigger: interval[0:05:00], next run at: 2025-09-29 22:41:24 EDT)" raised an exception
Traceback (most recent call last):
  File "C:\Users\vedav\OneDrive\Documents\GitHub\Safe-Transaction\env\Lib\site-packages\apscheduler\executors\base.py", line 131, in run_job
    retval = job.func(*job.args, **job.kwargs)
             ^^^^^^^^^^^^^^^^^^^^^^^^^^^^^^^^^
  File "C:\Users\vedav\OneDrive\Documents\GitHub\Safe-Transaction\insta485\transaction_manager.py", line 558, in check_scheduled_deadlines
    expired_tickets = self.connection.execute("""
                      ^^^^^^^^^^^^^^^
AttributeError: 'TransactionManager' object has no attribute 'connection'
2025-09-29 22:37:48 - apscheduler.executors.default - INFO - run_job:129 - Running job "TransactionManager.check_scheduled_deadlines (trigger: interval[0:05:00], next run at: 2025-09-29 22:42:48 EDT)" (scheduled at 2025-09-29 22:37:48.122483-04:00)
2025-09-29 22:37:48 - apscheduler.executors.default - ERROR - run_job:145 - Job "TransactionManager.check_scheduled_deadlines (trigger: interval[0:05:00], next run at: 2025-09-29 22:42:48 EDT)" raised an exception
Traceback (most recent call last):
  File "C:\Users\vedav\OneDrive\Documents\GitHub\Safe-Transaction\env\Lib\site-packages\apscheduler\executors\base.py", line 131, in run_job
    retval = job.func(*job.args, **job.kwargs)
             ^^^^^^^^^^^^^^^^^^^^^^^^^^^^^^^^^
  File "C:\Users\vedav\OneDrive\Documents\GitHub\Safe-Transaction\insta485\transaction_manager.py", line 558, in check_scheduled_deadlines
    expired_tickets = self.connection.execute("""
                      ^^^^^^^^^^^^^^^
AttributeError: 'TransactionManager' object has no attribute 'connection'
2025-09-29 22:41:24 - apscheduler.executors.default - INFO - run_job:129 - Running job "TransactionManager.check_scheduled_deadlines (trigger: interval[0:05:00], next run at: 2025-09-29 22:46:24 EDT)" (scheduled at 2025-09-29 22:41:24.252358-04:00)
2025-09-29 22:41:24 - apscheduler.executors.default - ERROR - run_job:145 - Job "TransactionManager.check_scheduled_deadlines (trigger: interval[0:05:00], next run at: 2025-09-29 22:46:24 EDT)" raised an exception
Traceback (most recent call last):
  File "C:\Users\vedav\OneDrive\Documents\GitHub\Safe-Transaction\env\Lib\site-packages\apscheduler\executors\base.py", line 131, in run_job
    retval = job.func(*job.args, **job.kwargs)
             ^^^^^^^^^^^^^^^^^^^^^^^^^^^^^^^^^
  File "C:\Users\vedav\OneDrive\Documents\GitHub\Safe-Transaction\insta485\transaction_manager.py", line 558, in check_scheduled_deadlines
    expired_tickets = self.connection.execute("""
                      ^^^^^^^^^^^^^^^
AttributeError: 'TransactionManager' object has no attribute 'connection'
2025-09-29 22:42:48 - apscheduler.executors.default - INFO - run_job:129 - Running job "TransactionManager.check_scheduled_deadlines (trigger: interval[0:05:00], next run at: 2025-09-29 22:47:48 EDT)" (scheduled at 2025-09-29 22:42:48.122483-04:00)
2025-09-29 22:42:48 - apscheduler.executors.default - ERROR - run_job:145 - Job "TransactionManager.check_scheduled_deadlines (trigger: interval[0:05:00], next run at: 2025-09-29 22:47:48 EDT)" raised an exception
Traceback (most recent call last):
  File "C:\Users\vedav\OneDrive\Documents\GitHub\Safe-Transaction\env\Lib\site-packages\apscheduler\executors\base.py", line 131, in run_job
    retval = job.func(*job.args, **job.kwargs)
             ^^^^^^^^^^^^^^^^^^^^^^^^^^^^^^^^^
  File "C:\Users\vedav\OneDrive\Documents\GitHub\Safe-Transaction\insta485\transaction_manager.py", line 558, in check_scheduled_deadlines
    expired_tickets = self.connection.execute("""
                      ^^^^^^^^^^^^^^^
AttributeError: 'TransactionManager' object has no attribute 'connection'
2025-09-29 22:46:24 - apscheduler.executors.default - INFO - run_job:129 - Running job "TransactionManager.check_scheduled_deadlines (trigger: interval[0:05:00], next run at: 2025-09-29 22:51:24 EDT)" (scheduled at 2025-09-29 22:46:24.252358-04:00)
2025-09-29 22:46:24 - apscheduler.executors.default - ERROR - run_job:145 - Job "TransactionManager.check_scheduled_deadlines (trigger: interval[0:05:00], next run at: 2025-09-29 22:51:24 EDT)" raised an exception
Traceback (most recent call last):
  File "C:\Users\vedav\OneDrive\Documents\GitHub\Safe-Transaction\env\Lib\site-packages\apscheduler\executors\base.py", line 131, in run_job
    retval = job.func(*job.args, **job.kwargs)
             ^^^^^^^^^^^^^^^^^^^^^^^^^^^^^^^^^
  File "C:\Users\vedav\OneDrive\Documents\GitHub\Safe-Transaction\insta485\transaction_manager.py", line 558, in check_scheduled_deadlines
    expired_tickets = self.connection.execute("""
                      ^^^^^^^^^^^^^^^
AttributeError: 'TransactionManager' object has no attribute 'connection'
2025-09-29 22:47:48 - apscheduler.executors.default - INFO - run_job:129 - Running job "TransactionManager.check_scheduled_deadlines (trigger: interval[0:05:00], next run at: 2025-09-29 22:52:48 EDT)" (scheduled at 2025-09-29 22:47:48.122483-04:00)
2025-09-29 22:47:48 - apscheduler.executors.default - ERROR - run_job:145 - Job "TransactionManager.check_scheduled_deadlines (trigger: interval[0:05:00], next run at: 2025-09-29 22:52:48 EDT)" raised an exception
Traceback (most recent call last):
  File "C:\Users\vedav\OneDrive\Documents\GitHub\Safe-Transaction\env\Lib\site-packages\apscheduler\executors\base.py", line 131, in run_job
    retval = job.func(*job.args, **job.kwargs)
             ^^^^^^^^^^^^^^^^^^^^^^^^^^^^^^^^^
  File "C:\Users\vedav\OneDrive\Documents\GitHub\Safe-Transaction\insta485\transaction_manager.py", line 558, in check_scheduled_deadlines
    expired_tickets = self.connection.execute("""
                      ^^^^^^^^^^^^^^^
AttributeError: 'TransactionManager' object has no attribute 'connection'
2025-09-29 22:51:24 - apscheduler.executors.default - INFO - run_job:129 - Running job "TransactionManager.check_scheduled_deadlines (trigger: interval[0:05:00], next run at: 2025-09-29 22:56:24 EDT)" (scheduled at 2025-09-29 22:51:24.252358-04:00)
2025-09-29 22:51:24 - apscheduler.executors.default - ERROR - run_job:145 - Job "TransactionManager.check_scheduled_deadlines (trigger: interval[0:05:00], next run at: 2025-09-29 22:56:24 EDT)" raised an exception
Traceback (most recent call last):
  File "C:\Users\vedav\OneDrive\Documents\GitHub\Safe-Transaction\env\Lib\site-packages\apscheduler\executors\base.py", line 131, in run_job
    retval = job.func(*job.args, **job.kwargs)
             ^^^^^^^^^^^^^^^^^^^^^^^^^^^^^^^^^
  File "C:\Users\vedav\OneDrive\Documents\GitHub\Safe-Transaction\insta485\transaction_manager.py", line 558, in check_scheduled_deadlines
    expired_tickets = self.connection.execute("""
                      ^^^^^^^^^^^^^^^
AttributeError: 'TransactionManager' object has no attribute 'connection'
2025-09-29 22:52:48 - apscheduler.executors.default - INFO - run_job:129 - Running job "TransactionManager.check_scheduled_deadlines (trigger: interval[0:05:00], next run at: 2025-09-29 22:57:48 EDT)" (scheduled at 2025-09-29 22:52:48.122483-04:00)
2025-09-29 22:52:48 - apscheduler.executors.default - ERROR - run_job:145 - Job "TransactionManager.check_scheduled_deadlines (trigger: interval[0:05:00], next run at: 2025-09-29 22:57:48 EDT)" raised an exception
Traceback (most recent call last):
  File "C:\Users\vedav\OneDrive\Documents\GitHub\Safe-Transaction\env\Lib\site-packages\apscheduler\executors\base.py", line 131, in run_job
    retval = job.func(*job.args, **job.kwargs)
             ^^^^^^^^^^^^^^^^^^^^^^^^^^^^^^^^^
  File "C:\Users\vedav\OneDrive\Documents\GitHub\Safe-Transaction\insta485\transaction_manager.py", line 558, in check_scheduled_deadlines
    expired_tickets = self.connection.execute("""
                      ^^^^^^^^^^^^^^^
AttributeError: 'TransactionManager' object has no attribute 'connection'
2025-09-29 22:56:24 - apscheduler.executors.default - INFO - run_job:129 - Running job "TransactionManager.check_scheduled_deadlines (trigger: interval[0:05:00], next run at: 2025-09-29 23:01:24 EDT)" (scheduled at 2025-09-29 22:56:24.252358-04:00)
2025-09-29 22:56:24 - apscheduler.executors.default - ERROR - run_job:145 - Job "TransactionManager.check_scheduled_deadlines (trigger: interval[0:05:00], next run at: 2025-09-29 23:01:24 EDT)" raised an exception
Traceback (most recent call last):
  File "C:\Users\vedav\OneDrive\Documents\GitHub\Safe-Transaction\env\Lib\site-packages\apscheduler\executors\base.py", line 131, in run_job
    retval = job.func(*job.args, **job.kwargs)
             ^^^^^^^^^^^^^^^^^^^^^^^^^^^^^^^^^
  File "C:\Users\vedav\OneDrive\Documents\GitHub\Safe-Transaction\insta485\transaction_manager.py", line 558, in check_scheduled_deadlines
    expired_tickets = self.connection.execute("""
                      ^^^^^^^^^^^^^^^
AttributeError: 'TransactionManager' object has no attribute 'connection'
2025-09-29 22:57:48 - apscheduler.executors.default - INFO - run_job:129 - Running job "TransactionManager.check_scheduled_deadlines (trigger: interval[0:05:00], next run at: 2025-09-29 23:02:48 EDT)" (scheduled at 2025-09-29 22:57:48.122483-04:00)
2025-09-29 22:57:48 - apscheduler.executors.default - ERROR - run_job:145 - Job "TransactionManager.check_scheduled_deadlines (trigger: interval[0:05:00], next run at: 2025-09-29 23:02:48 EDT)" raised an exception
Traceback (most recent call last):
  File "C:\Users\vedav\OneDrive\Documents\GitHub\Safe-Transaction\env\Lib\site-packages\apscheduler\executors\base.py", line 131, in run_job
    retval = job.func(*job.args, **job.kwargs)
             ^^^^^^^^^^^^^^^^^^^^^^^^^^^^^^^^^
  File "C:\Users\vedav\OneDrive\Documents\GitHub\Safe-Transaction\insta485\transaction_manager.py", line 558, in check_scheduled_deadlines
    expired_tickets = self.connection.execute("""
                      ^^^^^^^^^^^^^^^
AttributeError: 'TransactionManager' object has no attribute 'connection'
2025-09-29 23:01:24 - apscheduler.executors.default - INFO - run_job:129 - Running job "TransactionManager.check_scheduled_deadlines (trigger: interval[0:05:00], next run at: 2025-09-29 23:06:24 EDT)" (scheduled at 2025-09-29 23:01:24.252358-04:00)
2025-09-29 23:01:24 - apscheduler.executors.default - ERROR - run_job:145 - Job "TransactionManager.check_scheduled_deadlines (trigger: interval[0:05:00], next run at: 2025-09-29 23:06:24 EDT)" raised an exception
Traceback (most recent call last):
  File "C:\Users\vedav\OneDrive\Documents\GitHub\Safe-Transaction\env\Lib\site-packages\apscheduler\executors\base.py", line 131, in run_job
    retval = job.func(*job.args, **job.kwargs)
             ^^^^^^^^^^^^^^^^^^^^^^^^^^^^^^^^^
  File "C:\Users\vedav\OneDrive\Documents\GitHub\Safe-Transaction\insta485\transaction_manager.py", line 558, in check_scheduled_deadlines
    expired_tickets = self.connection.execute("""
                      ^^^^^^^^^^^^^^^
AttributeError: 'TransactionManager' object has no attribute 'connection'
2025-09-29 23:02:48 - apscheduler.executors.default - INFO - run_job:129 - Running job "TransactionManager.check_scheduled_deadlines (trigger: interval[0:05:00], next run at: 2025-09-29 23:07:48 EDT)" (scheduled at 2025-09-29 23:02:48.122483-04:00)
2025-09-29 23:02:48 - apscheduler.executors.default - ERROR - run_job:145 - Job "TransactionManager.check_scheduled_deadlines (trigger: interval[0:05:00], next run at: 2025-09-29 23:07:48 EDT)" raised an exception
Traceback (most recent call last):
  File "C:\Users\vedav\OneDrive\Documents\GitHub\Safe-Transaction\env\Lib\site-packages\apscheduler\executors\base.py", line 131, in run_job
    retval = job.func(*job.args, **job.kwargs)
             ^^^^^^^^^^^^^^^^^^^^^^^^^^^^^^^^^
  File "C:\Users\vedav\OneDrive\Documents\GitHub\Safe-Transaction\insta485\transaction_manager.py", line 558, in check_scheduled_deadlines
    expired_tickets = self.connection.execute("""
                      ^^^^^^^^^^^^^^^
AttributeError: 'TransactionManager' object has no attribute 'connection'
2025-09-29 23:06:24 - apscheduler.executors.default - INFO - run_job:129 - Running job "TransactionManager.check_scheduled_deadlines (trigger: interval[0:05:00], next run at: 2025-09-29 23:11:24 EDT)" (scheduled at 2025-09-29 23:06:24.252358-04:00)
2025-09-29 23:06:24 - apscheduler.executors.default - ERROR - run_job:145 - Job "TransactionManager.check_scheduled_deadlines (trigger: interval[0:05:00], next run at: 2025-09-29 23:11:24 EDT)" raised an exception
Traceback (most recent call last):
  File "C:\Users\vedav\OneDrive\Documents\GitHub\Safe-Transaction\env\Lib\site-packages\apscheduler\executors\base.py", line 131, in run_job
    retval = job.func(*job.args, **job.kwargs)
             ^^^^^^^^^^^^^^^^^^^^^^^^^^^^^^^^^
  File "C:\Users\vedav\OneDrive\Documents\GitHub\Safe-Transaction\insta485\transaction_manager.py", line 558, in check_scheduled_deadlines
    expired_tickets = self.connection.execute("""
                      ^^^^^^^^^^^^^^^
AttributeError: 'TransactionManager' object has no attribute 'connection'
2025-09-29 23:07:48 - apscheduler.executors.default - INFO - run_job:129 - Running job "TransactionManager.check_scheduled_deadlines (trigger: interval[0:05:00], next run at: 2025-09-29 23:12:48 EDT)" (scheduled at 2025-09-29 23:07:48.122483-04:00)
2025-09-29 23:07:48 - apscheduler.executors.default - ERROR - run_job:145 - Job "TransactionManager.check_scheduled_deadlines (trigger: interval[0:05:00], next run at: 2025-09-29 23:12:48 EDT)" raised an exception
Traceback (most recent call last):
  File "C:\Users\vedav\OneDrive\Documents\GitHub\Safe-Transaction\env\Lib\site-packages\apscheduler\executors\base.py", line 131, in run_job
    retval = job.func(*job.args, **job.kwargs)
             ^^^^^^^^^^^^^^^^^^^^^^^^^^^^^^^^^
  File "C:\Users\vedav\OneDrive\Documents\GitHub\Safe-Transaction\insta485\transaction_manager.py", line 558, in check_scheduled_deadlines
    expired_tickets = self.connection.execute("""
                      ^^^^^^^^^^^^^^^
AttributeError: 'TransactionManager' object has no attribute 'connection'
2025-10-01 05:20:17 - apscheduler.executors.default - WARNING - run_job:126 - Run time of job "TransactionManager.check_scheduled_deadlines (trigger: interval[0:05:00], next run at: 2025-10-01 05:21:24 EDT)" was missed by 0:03:53.380800
2025-10-01 05:21:24 - apscheduler.executors.default - INFO - run_job:129 - Running job "TransactionManager.check_scheduled_deadlines (trigger: interval[0:05:00], next run at: 2025-10-01 05:26:24 EDT)" (scheduled at 2025-10-01 05:21:24.252358-04:00)
2025-10-01 05:21:24 - apscheduler.executors.default - ERROR - run_job:145 - Job "TransactionManager.check_scheduled_deadlines (trigger: interval[0:05:00], next run at: 2025-10-01 05:26:24 EDT)" raised an exception
Traceback (most recent call last):
  File "C:\Users\vedav\OneDrive\Documents\GitHub\Safe-Transaction\env\Lib\site-packages\apscheduler\executors\base.py", line 131, in run_job
    retval = job.func(*job.args, **job.kwargs)
             ^^^^^^^^^^^^^^^^^^^^^^^^^^^^^^^^^
  File "C:\Users\vedav\OneDrive\Documents\GitHub\Safe-Transaction\insta485\transaction_manager.py", line 558, in check_scheduled_deadlines
    expired_tickets = self.connection.execute("""
                      ^^^^^^^^^^^^^^^
AttributeError: 'TransactionManager' object has no attribute 'connection'
2025-10-01 05:21:41 - apscheduler.executors.default - WARNING - run_job:126 - Run time of job "TransactionManager.check_scheduled_deadlines (trigger: interval[0:05:00], next run at: 2025-10-01 05:22:48 EDT)" was missed by 0:03:53.375374
2025-10-01 05:22:48 - apscheduler.executors.default - INFO - run_job:129 - Running job "TransactionManager.check_scheduled_deadlines (trigger: interval[0:05:00], next run at: 2025-10-01 05:27:48 EDT)" (scheduled at 2025-10-01 05:22:48.122483-04:00)
2025-10-01 05:22:48 - apscheduler.executors.default - ERROR - run_job:145 - Job "TransactionManager.check_scheduled_deadlines (trigger: interval[0:05:00], next run at: 2025-10-01 05:27:48 EDT)" raised an exception
Traceback (most recent call last):
  File "C:\Users\vedav\OneDrive\Documents\GitHub\Safe-Transaction\env\Lib\site-packages\apscheduler\executors\base.py", line 131, in run_job
    retval = job.func(*job.args, **job.kwargs)
             ^^^^^^^^^^^^^^^^^^^^^^^^^^^^^^^^^
  File "C:\Users\vedav\OneDrive\Documents\GitHub\Safe-Transaction\insta485\transaction_manager.py", line 558, in check_scheduled_deadlines
    expired_tickets = self.connection.execute("""
                      ^^^^^^^^^^^^^^^
AttributeError: 'TransactionManager' object has no attribute 'connection'
2025-10-01 05:26:24 - apscheduler.executors.default - INFO - run_job:129 - Running job "TransactionManager.check_scheduled_deadlines (trigger: interval[0:05:00], next run at: 2025-10-01 05:31:24 EDT)" (scheduled at 2025-10-01 05:26:24.252358-04:00)
2025-10-01 05:26:24 - apscheduler.executors.default - ERROR - run_job:145 - Job "TransactionManager.check_scheduled_deadlines (trigger: interval[0:05:00], next run at: 2025-10-01 05:31:24 EDT)" raised an exception
Traceback (most recent call last):
  File "C:\Users\vedav\OneDrive\Documents\GitHub\Safe-Transaction\env\Lib\site-packages\apscheduler\executors\base.py", line 131, in run_job
    retval = job.func(*job.args, **job.kwargs)
             ^^^^^^^^^^^^^^^^^^^^^^^^^^^^^^^^^
  File "C:\Users\vedav\OneDrive\Documents\GitHub\Safe-Transaction\insta485\transaction_manager.py", line 558, in check_scheduled_deadlines
    expired_tickets = self.connection.execute("""
                      ^^^^^^^^^^^^^^^
AttributeError: 'TransactionManager' object has no attribute 'connection'
2025-10-01 05:27:48 - apscheduler.executors.default - INFO - run_job:129 - Running job "TransactionManager.check_scheduled_deadlines (trigger: interval[0:05:00], next run at: 2025-10-01 05:32:48 EDT)" (scheduled at 2025-10-01 05:27:48.122483-04:00)
2025-10-01 05:27:48 - apscheduler.executors.default - ERROR - run_job:145 - Job "TransactionManager.check_scheduled_deadlines (trigger: interval[0:05:00], next run at: 2025-10-01 05:32:48 EDT)" raised an exception
Traceback (most recent call last):
  File "C:\Users\vedav\OneDrive\Documents\GitHub\Safe-Transaction\env\Lib\site-packages\apscheduler\executors\base.py", line 131, in run_job
    retval = job.func(*job.args, **job.kwargs)
             ^^^^^^^^^^^^^^^^^^^^^^^^^^^^^^^^^
  File "C:\Users\vedav\OneDrive\Documents\GitHub\Safe-Transaction\insta485\transaction_manager.py", line 558, in check_scheduled_deadlines
    expired_tickets = self.connection.execute("""
                      ^^^^^^^^^^^^^^^
AttributeError: 'TransactionManager' object has no attribute 'connection'
2025-10-01 05:31:24 - apscheduler.executors.default - INFO - run_job:129 - Running job "TransactionManager.check_scheduled_deadlines (trigger: interval[0:05:00], next run at: 2025-10-01 05:36:24 EDT)" (scheduled at 2025-10-01 05:31:24.252358-04:00)
2025-10-01 05:31:24 - apscheduler.executors.default - ERROR - run_job:145 - Job "TransactionManager.check_scheduled_deadlines (trigger: interval[0:05:00], next run at: 2025-10-01 05:36:24 EDT)" raised an exception
Traceback (most recent call last):
  File "C:\Users\vedav\OneDrive\Documents\GitHub\Safe-Transaction\env\Lib\site-packages\apscheduler\executors\base.py", line 131, in run_job
    retval = job.func(*job.args, **job.kwargs)
             ^^^^^^^^^^^^^^^^^^^^^^^^^^^^^^^^^
  File "C:\Users\vedav\OneDrive\Documents\GitHub\Safe-Transaction\insta485\transaction_manager.py", line 558, in check_scheduled_deadlines
    expired_tickets = self.connection.execute("""
                      ^^^^^^^^^^^^^^^
AttributeError: 'TransactionManager' object has no attribute 'connection'
2025-10-01 05:32:48 - apscheduler.executors.default - INFO - run_job:129 - Running job "TransactionManager.check_scheduled_deadlines (trigger: interval[0:05:00], next run at: 2025-10-01 05:37:48 EDT)" (scheduled at 2025-10-01 05:32:48.122483-04:00)
2025-10-01 05:32:48 - apscheduler.executors.default - ERROR - run_job:145 - Job "TransactionManager.check_scheduled_deadlines (trigger: interval[0:05:00], next run at: 2025-10-01 05:37:48 EDT)" raised an exception
Traceback (most recent call last):
  File "C:\Users\vedav\OneDrive\Documents\GitHub\Safe-Transaction\env\Lib\site-packages\apscheduler\executors\base.py", line 131, in run_job
    retval = job.func(*job.args, **job.kwargs)
             ^^^^^^^^^^^^^^^^^^^^^^^^^^^^^^^^^
  File "C:\Users\vedav\OneDrive\Documents\GitHub\Safe-Transaction\insta485\transaction_manager.py", line 558, in check_scheduled_deadlines
    expired_tickets = self.connection.execute("""
                      ^^^^^^^^^^^^^^^
AttributeError: 'TransactionManager' object has no attribute 'connection'
2025-10-01 05:36:24 - apscheduler.executors.default - INFO - run_job:129 - Running job "TransactionManager.check_scheduled_deadlines (trigger: interval[0:05:00], next run at: 2025-10-01 05:41:24 EDT)" (scheduled at 2025-10-01 05:36:24.252358-04:00)
2025-10-01 05:36:24 - apscheduler.executors.default - ERROR - run_job:145 - Job "TransactionManager.check_scheduled_deadlines (trigger: interval[0:05:00], next run at: 2025-10-01 05:41:24 EDT)" raised an exception
Traceback (most recent call last):
  File "C:\Users\vedav\OneDrive\Documents\GitHub\Safe-Transaction\env\Lib\site-packages\apscheduler\executors\base.py", line 131, in run_job
    retval = job.func(*job.args, **job.kwargs)
             ^^^^^^^^^^^^^^^^^^^^^^^^^^^^^^^^^
  File "C:\Users\vedav\OneDrive\Documents\GitHub\Safe-Transaction\insta485\transaction_manager.py", line 558, in check_scheduled_deadlines
    expired_tickets = self.connection.execute("""
                      ^^^^^^^^^^^^^^^
AttributeError: 'TransactionManager' object has no attribute 'connection'
2025-10-01 05:37:48 - apscheduler.executors.default - INFO - run_job:129 - Running job "TransactionManager.check_scheduled_deadlines (trigger: interval[0:05:00], next run at: 2025-10-01 05:42:48 EDT)" (scheduled at 2025-10-01 05:37:48.122483-04:00)
2025-10-01 05:37:48 - apscheduler.executors.default - ERROR - run_job:145 - Job "TransactionManager.check_scheduled_deadlines (trigger: interval[0:05:00], next run at: 2025-10-01 05:42:48 EDT)" raised an exception
Traceback (most recent call last):
  File "C:\Users\vedav\OneDrive\Documents\GitHub\Safe-Transaction\env\Lib\site-packages\apscheduler\executors\base.py", line 131, in run_job
    retval = job.func(*job.args, **job.kwargs)
             ^^^^^^^^^^^^^^^^^^^^^^^^^^^^^^^^^
  File "C:\Users\vedav\OneDrive\Documents\GitHub\Safe-Transaction\insta485\transaction_manager.py", line 558, in check_scheduled_deadlines
    expired_tickets = self.connection.execute("""
                      ^^^^^^^^^^^^^^^
AttributeError: 'TransactionManager' object has no attribute 'connection'
2025-10-01 05:41:24 - apscheduler.executors.default - INFO - run_job:129 - Running job "TransactionManager.check_scheduled_deadlines (trigger: interval[0:05:00], next run at: 2025-10-01 05:46:24 EDT)" (scheduled at 2025-10-01 05:41:24.252358-04:00)
2025-10-01 05:41:24 - apscheduler.executors.default - ERROR - run_job:145 - Job "TransactionManager.check_scheduled_deadlines (trigger: interval[0:05:00], next run at: 2025-10-01 05:46:24 EDT)" raised an exception
Traceback (most recent call last):
  File "C:\Users\vedav\OneDrive\Documents\GitHub\Safe-Transaction\env\Lib\site-packages\apscheduler\executors\base.py", line 131, in run_job
    retval = job.func(*job.args, **job.kwargs)
             ^^^^^^^^^^^^^^^^^^^^^^^^^^^^^^^^^
  File "C:\Users\vedav\OneDrive\Documents\GitHub\Safe-Transaction\insta485\transaction_manager.py", line 558, in check_scheduled_deadlines
    expired_tickets = self.connection.execute("""
                      ^^^^^^^^^^^^^^^
AttributeError: 'TransactionManager' object has no attribute 'connection'
2025-10-01 05:42:48 - apscheduler.executors.default - INFO - run_job:129 - Running job "TransactionManager.check_scheduled_deadlines (trigger: interval[0:05:00], next run at: 2025-10-01 05:47:48 EDT)" (scheduled at 2025-10-01 05:42:48.122483-04:00)
2025-10-01 05:42:48 - apscheduler.executors.default - ERROR - run_job:145 - Job "TransactionManager.check_scheduled_deadlines (trigger: interval[0:05:00], next run at: 2025-10-01 05:47:48 EDT)" raised an exception
Traceback (most recent call last):
  File "C:\Users\vedav\OneDrive\Documents\GitHub\Safe-Transaction\env\Lib\site-packages\apscheduler\executors\base.py", line 131, in run_job
    retval = job.func(*job.args, **job.kwargs)
             ^^^^^^^^^^^^^^^^^^^^^^^^^^^^^^^^^
  File "C:\Users\vedav\OneDrive\Documents\GitHub\Safe-Transaction\insta485\transaction_manager.py", line 558, in check_scheduled_deadlines
    expired_tickets = self.connection.execute("""
                      ^^^^^^^^^^^^^^^
AttributeError: 'TransactionManager' object has no attribute 'connection'
2025-10-01 05:46:24 - apscheduler.executors.default - INFO - run_job:129 - Running job "TransactionManager.check_scheduled_deadlines (trigger: interval[0:05:00], next run at: 2025-10-01 05:51:24 EDT)" (scheduled at 2025-10-01 05:46:24.252358-04:00)
2025-10-01 05:46:24 - apscheduler.executors.default - ERROR - run_job:145 - Job "TransactionManager.check_scheduled_deadlines (trigger: interval[0:05:00], next run at: 2025-10-01 05:51:24 EDT)" raised an exception
Traceback (most recent call last):
  File "C:\Users\vedav\OneDrive\Documents\GitHub\Safe-Transaction\env\Lib\site-packages\apscheduler\executors\base.py", line 131, in run_job
    retval = job.func(*job.args, **job.kwargs)
             ^^^^^^^^^^^^^^^^^^^^^^^^^^^^^^^^^
  File "C:\Users\vedav\OneDrive\Documents\GitHub\Safe-Transaction\insta485\transaction_manager.py", line 558, in check_scheduled_deadlines
    expired_tickets = self.connection.execute("""
                      ^^^^^^^^^^^^^^^
AttributeError: 'TransactionManager' object has no attribute 'connection'
2025-10-01 05:47:48 - apscheduler.executors.default - INFO - run_job:129 - Running job "TransactionManager.check_scheduled_deadlines (trigger: interval[0:05:00], next run at: 2025-10-01 05:52:48 EDT)" (scheduled at 2025-10-01 05:47:48.122483-04:00)
2025-10-01 05:47:48 - apscheduler.executors.default - ERROR - run_job:145 - Job "TransactionManager.check_scheduled_deadlines (trigger: interval[0:05:00], next run at: 2025-10-01 05:52:48 EDT)" raised an exception
Traceback (most recent call last):
  File "C:\Users\vedav\OneDrive\Documents\GitHub\Safe-Transaction\env\Lib\site-packages\apscheduler\executors\base.py", line 131, in run_job
    retval = job.func(*job.args, **job.kwargs)
             ^^^^^^^^^^^^^^^^^^^^^^^^^^^^^^^^^
  File "C:\Users\vedav\OneDrive\Documents\GitHub\Safe-Transaction\insta485\transaction_manager.py", line 558, in check_scheduled_deadlines
    expired_tickets = self.connection.execute("""
                      ^^^^^^^^^^^^^^^
AttributeError: 'TransactionManager' object has no attribute 'connection'
2025-10-01 05:51:24 - apscheduler.executors.default - INFO - run_job:129 - Running job "TransactionManager.check_scheduled_deadlines (trigger: interval[0:05:00], next run at: 2025-10-01 05:56:24 EDT)" (scheduled at 2025-10-01 05:51:24.252358-04:00)
2025-10-01 05:51:24 - apscheduler.executors.default - ERROR - run_job:145 - Job "TransactionManager.check_scheduled_deadlines (trigger: interval[0:05:00], next run at: 2025-10-01 05:56:24 EDT)" raised an exception
Traceback (most recent call last):
  File "C:\Users\vedav\OneDrive\Documents\GitHub\Safe-Transaction\env\Lib\site-packages\apscheduler\executors\base.py", line 131, in run_job
    retval = job.func(*job.args, **job.kwargs)
             ^^^^^^^^^^^^^^^^^^^^^^^^^^^^^^^^^
  File "C:\Users\vedav\OneDrive\Documents\GitHub\Safe-Transaction\insta485\transaction_manager.py", line 558, in check_scheduled_deadlines
    expired_tickets = self.connection.execute("""
                      ^^^^^^^^^^^^^^^
AttributeError: 'TransactionManager' object has no attribute 'connection'
2025-10-01 05:52:48 - apscheduler.executors.default - INFO - run_job:129 - Running job "TransactionManager.check_scheduled_deadlines (trigger: interval[0:05:00], next run at: 2025-10-01 05:57:48 EDT)" (scheduled at 2025-10-01 05:52:48.122483-04:00)
2025-10-01 05:52:48 - apscheduler.executors.default - ERROR - run_job:145 - Job "TransactionManager.check_scheduled_deadlines (trigger: interval[0:05:00], next run at: 2025-10-01 05:57:48 EDT)" raised an exception
Traceback (most recent call last):
  File "C:\Users\vedav\OneDrive\Documents\GitHub\Safe-Transaction\env\Lib\site-packages\apscheduler\executors\base.py", line 131, in run_job
    retval = job.func(*job.args, **job.kwargs)
             ^^^^^^^^^^^^^^^^^^^^^^^^^^^^^^^^^
  File "C:\Users\vedav\OneDrive\Documents\GitHub\Safe-Transaction\insta485\transaction_manager.py", line 558, in check_scheduled_deadlines
    expired_tickets = self.connection.execute("""
                      ^^^^^^^^^^^^^^^
AttributeError: 'TransactionManager' object has no attribute 'connection'
2025-10-01 05:56:24 - apscheduler.executors.default - INFO - run_job:129 - Running job "TransactionManager.check_scheduled_deadlines (trigger: interval[0:05:00], next run at: 2025-10-01 06:01:24 EDT)" (scheduled at 2025-10-01 05:56:24.252358-04:00)
2025-10-01 05:56:24 - apscheduler.executors.default - ERROR - run_job:145 - Job "TransactionManager.check_scheduled_deadlines (trigger: interval[0:05:00], next run at: 2025-10-01 06:01:24 EDT)" raised an exception
Traceback (most recent call last):
  File "C:\Users\vedav\OneDrive\Documents\GitHub\Safe-Transaction\env\Lib\site-packages\apscheduler\executors\base.py", line 131, in run_job
    retval = job.func(*job.args, **job.kwargs)
             ^^^^^^^^^^^^^^^^^^^^^^^^^^^^^^^^^
  File "C:\Users\vedav\OneDrive\Documents\GitHub\Safe-Transaction\insta485\transaction_manager.py", line 558, in check_scheduled_deadlines
    expired_tickets = self.connection.execute("""
                      ^^^^^^^^^^^^^^^
AttributeError: 'TransactionManager' object has no attribute 'connection'
2025-10-01 05:57:48 - apscheduler.executors.default - INFO - run_job:129 - Running job "TransactionManager.check_scheduled_deadlines (trigger: interval[0:05:00], next run at: 2025-10-01 06:02:48 EDT)" (scheduled at 2025-10-01 05:57:48.122483-04:00)
2025-10-01 05:57:48 - apscheduler.executors.default - ERROR - run_job:145 - Job "TransactionManager.check_scheduled_deadlines (trigger: interval[0:05:00], next run at: 2025-10-01 06:02:48 EDT)" raised an exception
Traceback (most recent call last):
  File "C:\Users\vedav\OneDrive\Documents\GitHub\Safe-Transaction\env\Lib\site-packages\apscheduler\executors\base.py", line 131, in run_job
    retval = job.func(*job.args, **job.kwargs)
             ^^^^^^^^^^^^^^^^^^^^^^^^^^^^^^^^^
  File "C:\Users\vedav\OneDrive\Documents\GitHub\Safe-Transaction\insta485\transaction_manager.py", line 558, in check_scheduled_deadlines
    expired_tickets = self.connection.execute("""
                      ^^^^^^^^^^^^^^^
AttributeError: 'TransactionManager' object has no attribute 'connection'
2025-10-01 06:01:24 - apscheduler.executors.default - INFO - run_job:129 - Running job "TransactionManager.check_scheduled_deadlines (trigger: interval[0:05:00], next run at: 2025-10-01 06:06:24 EDT)" (scheduled at 2025-10-01 06:01:24.252358-04:00)
2025-10-01 06:01:24 - apscheduler.executors.default - ERROR - run_job:145 - Job "TransactionManager.check_scheduled_deadlines (trigger: interval[0:05:00], next run at: 2025-10-01 06:06:24 EDT)" raised an exception
Traceback (most recent call last):
  File "C:\Users\vedav\OneDrive\Documents\GitHub\Safe-Transaction\env\Lib\site-packages\apscheduler\executors\base.py", line 131, in run_job
    retval = job.func(*job.args, **job.kwargs)
             ^^^^^^^^^^^^^^^^^^^^^^^^^^^^^^^^^
  File "C:\Users\vedav\OneDrive\Documents\GitHub\Safe-Transaction\insta485\transaction_manager.py", line 558, in check_scheduled_deadlines
    expired_tickets = self.connection.execute("""
                      ^^^^^^^^^^^^^^^
AttributeError: 'TransactionManager' object has no attribute 'connection'
2025-10-01 06:02:48 - apscheduler.executors.default - INFO - run_job:129 - Running job "TransactionManager.check_scheduled_deadlines (trigger: interval[0:05:00], next run at: 2025-10-01 06:07:48 EDT)" (scheduled at 2025-10-01 06:02:48.122483-04:00)
2025-10-01 06:02:48 - apscheduler.executors.default - ERROR - run_job:145 - Job "TransactionManager.check_scheduled_deadlines (trigger: interval[0:05:00], next run at: 2025-10-01 06:07:48 EDT)" raised an exception
Traceback (most recent call last):
  File "C:\Users\vedav\OneDrive\Documents\GitHub\Safe-Transaction\env\Lib\site-packages\apscheduler\executors\base.py", line 131, in run_job
    retval = job.func(*job.args, **job.kwargs)
             ^^^^^^^^^^^^^^^^^^^^^^^^^^^^^^^^^
  File "C:\Users\vedav\OneDrive\Documents\GitHub\Safe-Transaction\insta485\transaction_manager.py", line 558, in check_scheduled_deadlines
    expired_tickets = self.connection.execute("""
                      ^^^^^^^^^^^^^^^
AttributeError: 'TransactionManager' object has no attribute 'connection'
2025-10-01 06:06:24 - apscheduler.executors.default - INFO - run_job:129 - Running job "TransactionManager.check_scheduled_deadlines (trigger: interval[0:05:00], next run at: 2025-10-01 06:11:24 EDT)" (scheduled at 2025-10-01 06:06:24.252358-04:00)
2025-10-01 06:06:24 - apscheduler.executors.default - ERROR - run_job:145 - Job "TransactionManager.check_scheduled_deadlines (trigger: interval[0:05:00], next run at: 2025-10-01 06:11:24 EDT)" raised an exception
Traceback (most recent call last):
  File "C:\Users\vedav\OneDrive\Documents\GitHub\Safe-Transaction\env\Lib\site-packages\apscheduler\executors\base.py", line 131, in run_job
    retval = job.func(*job.args, **job.kwargs)
             ^^^^^^^^^^^^^^^^^^^^^^^^^^^^^^^^^
  File "C:\Users\vedav\OneDrive\Documents\GitHub\Safe-Transaction\insta485\transaction_manager.py", line 558, in check_scheduled_deadlines
    expired_tickets = self.connection.execute("""
                      ^^^^^^^^^^^^^^^
AttributeError: 'TransactionManager' object has no attribute 'connection'
2025-10-01 06:07:48 - apscheduler.executors.default - INFO - run_job:129 - Running job "TransactionManager.check_scheduled_deadlines (trigger: interval[0:05:00], next run at: 2025-10-01 06:12:48 EDT)" (scheduled at 2025-10-01 06:07:48.122483-04:00)
2025-10-01 06:07:48 - apscheduler.executors.default - ERROR - run_job:145 - Job "TransactionManager.check_scheduled_deadlines (trigger: interval[0:05:00], next run at: 2025-10-01 06:12:48 EDT)" raised an exception
Traceback (most recent call last):
  File "C:\Users\vedav\OneDrive\Documents\GitHub\Safe-Transaction\env\Lib\site-packages\apscheduler\executors\base.py", line 131, in run_job
    retval = job.func(*job.args, **job.kwargs)
             ^^^^^^^^^^^^^^^^^^^^^^^^^^^^^^^^^
  File "C:\Users\vedav\OneDrive\Documents\GitHub\Safe-Transaction\insta485\transaction_manager.py", line 558, in check_scheduled_deadlines
    expired_tickets = self.connection.execute("""
                      ^^^^^^^^^^^^^^^
AttributeError: 'TransactionManager' object has no attribute 'connection'
2025-10-01 06:11:24 - apscheduler.executors.default - INFO - run_job:129 - Running job "TransactionManager.check_scheduled_deadlines (trigger: interval[0:05:00], next run at: 2025-10-01 06:16:24 EDT)" (scheduled at 2025-10-01 06:11:24.252358-04:00)
2025-10-01 06:11:24 - apscheduler.executors.default - ERROR - run_job:145 - Job "TransactionManager.check_scheduled_deadlines (trigger: interval[0:05:00], next run at: 2025-10-01 06:16:24 EDT)" raised an exception
Traceback (most recent call last):
  File "C:\Users\vedav\OneDrive\Documents\GitHub\Safe-Transaction\env\Lib\site-packages\apscheduler\executors\base.py", line 131, in run_job
    retval = job.func(*job.args, **job.kwargs)
             ^^^^^^^^^^^^^^^^^^^^^^^^^^^^^^^^^
  File "C:\Users\vedav\OneDrive\Documents\GitHub\Safe-Transaction\insta485\transaction_manager.py", line 558, in check_scheduled_deadlines
    expired_tickets = self.connection.execute("""
                      ^^^^^^^^^^^^^^^
AttributeError: 'TransactionManager' object has no attribute 'connection'
2025-10-01 06:12:48 - apscheduler.executors.default - INFO - run_job:129 - Running job "TransactionManager.check_scheduled_deadlines (trigger: interval[0:05:00], next run at: 2025-10-01 06:17:48 EDT)" (scheduled at 2025-10-01 06:12:48.122483-04:00)
2025-10-01 06:12:48 - apscheduler.executors.default - ERROR - run_job:145 - Job "TransactionManager.check_scheduled_deadlines (trigger: interval[0:05:00], next run at: 2025-10-01 06:17:48 EDT)" raised an exception
Traceback (most recent call last):
  File "C:\Users\vedav\OneDrive\Documents\GitHub\Safe-Transaction\env\Lib\site-packages\apscheduler\executors\base.py", line 131, in run_job
    retval = job.func(*job.args, **job.kwargs)
             ^^^^^^^^^^^^^^^^^^^^^^^^^^^^^^^^^
  File "C:\Users\vedav\OneDrive\Documents\GitHub\Safe-Transaction\insta485\transaction_manager.py", line 558, in check_scheduled_deadlines
    expired_tickets = self.connection.execute("""
                      ^^^^^^^^^^^^^^^
AttributeError: 'TransactionManager' object has no attribute 'connection'
2025-10-01 06:16:24 - apscheduler.executors.default - INFO - run_job:129 - Running job "TransactionManager.check_scheduled_deadlines (trigger: interval[0:05:00], next run at: 2025-10-01 06:21:24 EDT)" (scheduled at 2025-10-01 06:16:24.252358-04:00)
2025-10-01 06:16:24 - apscheduler.executors.default - ERROR - run_job:145 - Job "TransactionManager.check_scheduled_deadlines (trigger: interval[0:05:00], next run at: 2025-10-01 06:21:24 EDT)" raised an exception
Traceback (most recent call last):
  File "C:\Users\vedav\OneDrive\Documents\GitHub\Safe-Transaction\env\Lib\site-packages\apscheduler\executors\base.py", line 131, in run_job
    retval = job.func(*job.args, **job.kwargs)
             ^^^^^^^^^^^^^^^^^^^^^^^^^^^^^^^^^
  File "C:\Users\vedav\OneDrive\Documents\GitHub\Safe-Transaction\insta485\transaction_manager.py", line 558, in check_scheduled_deadlines
    expired_tickets = self.connection.execute("""
                      ^^^^^^^^^^^^^^^
AttributeError: 'TransactionManager' object has no attribute 'connection'
2025-10-01 06:17:48 - apscheduler.executors.default - INFO - run_job:129 - Running job "TransactionManager.check_scheduled_deadlines (trigger: interval[0:05:00], next run at: 2025-10-01 06:22:48 EDT)" (scheduled at 2025-10-01 06:17:48.122483-04:00)
2025-10-01 06:17:48 - apscheduler.executors.default - ERROR - run_job:145 - Job "TransactionManager.check_scheduled_deadlines (trigger: interval[0:05:00], next run at: 2025-10-01 06:22:48 EDT)" raised an exception
Traceback (most recent call last):
  File "C:\Users\vedav\OneDrive\Documents\GitHub\Safe-Transaction\env\Lib\site-packages\apscheduler\executors\base.py", line 131, in run_job
    retval = job.func(*job.args, **job.kwargs)
             ^^^^^^^^^^^^^^^^^^^^^^^^^^^^^^^^^
  File "C:\Users\vedav\OneDrive\Documents\GitHub\Safe-Transaction\insta485\transaction_manager.py", line 558, in check_scheduled_deadlines
    expired_tickets = self.connection.execute("""
                      ^^^^^^^^^^^^^^^
AttributeError: 'TransactionManager' object has no attribute 'connection'
2025-10-01 06:21:24 - apscheduler.executors.default - INFO - run_job:129 - Running job "TransactionManager.check_scheduled_deadlines (trigger: interval[0:05:00], next run at: 2025-10-01 06:26:24 EDT)" (scheduled at 2025-10-01 06:21:24.252358-04:00)
2025-10-01 06:21:24 - apscheduler.executors.default - ERROR - run_job:145 - Job "TransactionManager.check_scheduled_deadlines (trigger: interval[0:05:00], next run at: 2025-10-01 06:26:24 EDT)" raised an exception
Traceback (most recent call last):
  File "C:\Users\vedav\OneDrive\Documents\GitHub\Safe-Transaction\env\Lib\site-packages\apscheduler\executors\base.py", line 131, in run_job
    retval = job.func(*job.args, **job.kwargs)
             ^^^^^^^^^^^^^^^^^^^^^^^^^^^^^^^^^
  File "C:\Users\vedav\OneDrive\Documents\GitHub\Safe-Transaction\insta485\transaction_manager.py", line 558, in check_scheduled_deadlines
    expired_tickets = self.connection.execute("""
                      ^^^^^^^^^^^^^^^
AttributeError: 'TransactionManager' object has no attribute 'connection'
2025-10-01 06:22:48 - apscheduler.executors.default - INFO - run_job:129 - Running job "TransactionManager.check_scheduled_deadlines (trigger: interval[0:05:00], next run at: 2025-10-01 06:27:48 EDT)" (scheduled at 2025-10-01 06:22:48.122483-04:00)
2025-10-01 06:22:48 - apscheduler.executors.default - ERROR - run_job:145 - Job "TransactionManager.check_scheduled_deadlines (trigger: interval[0:05:00], next run at: 2025-10-01 06:27:48 EDT)" raised an exception
Traceback (most recent call last):
  File "C:\Users\vedav\OneDrive\Documents\GitHub\Safe-Transaction\env\Lib\site-packages\apscheduler\executors\base.py", line 131, in run_job
    retval = job.func(*job.args, **job.kwargs)
             ^^^^^^^^^^^^^^^^^^^^^^^^^^^^^^^^^
  File "C:\Users\vedav\OneDrive\Documents\GitHub\Safe-Transaction\insta485\transaction_manager.py", line 558, in check_scheduled_deadlines
    expired_tickets = self.connection.execute("""
                      ^^^^^^^^^^^^^^^
AttributeError: 'TransactionManager' object has no attribute 'connection'
2025-10-01 06:26:24 - apscheduler.executors.default - INFO - run_job:129 - Running job "TransactionManager.check_scheduled_deadlines (trigger: interval[0:05:00], next run at: 2025-10-01 06:31:24 EDT)" (scheduled at 2025-10-01 06:26:24.252358-04:00)
2025-10-01 06:26:24 - apscheduler.executors.default - ERROR - run_job:145 - Job "TransactionManager.check_scheduled_deadlines (trigger: interval[0:05:00], next run at: 2025-10-01 06:31:24 EDT)" raised an exception
Traceback (most recent call last):
  File "C:\Users\vedav\OneDrive\Documents\GitHub\Safe-Transaction\env\Lib\site-packages\apscheduler\executors\base.py", line 131, in run_job
    retval = job.func(*job.args, **job.kwargs)
             ^^^^^^^^^^^^^^^^^^^^^^^^^^^^^^^^^
  File "C:\Users\vedav\OneDrive\Documents\GitHub\Safe-Transaction\insta485\transaction_manager.py", line 558, in check_scheduled_deadlines
    expired_tickets = self.connection.execute("""
                      ^^^^^^^^^^^^^^^
AttributeError: 'TransactionManager' object has no attribute 'connection'
2025-10-01 07:05:52 - apscheduler.executors.default - WARNING - run_job:126 - Run time of job "TransactionManager.check_scheduled_deadlines (trigger: interval[0:05:00], next run at: 2025-10-01 07:07:48 EDT)" was missed by 0:03:04.632775
2025-10-01 07:07:48 - apscheduler.executors.default - INFO - run_job:129 - Running job "TransactionManager.check_scheduled_deadlines (trigger: interval[0:05:00], next run at: 2025-10-01 07:12:48 EDT)" (scheduled at 2025-10-01 07:07:48.122483-04:00)
2025-10-01 07:07:48 - apscheduler.executors.default - ERROR - run_job:145 - Job "TransactionManager.check_scheduled_deadlines (trigger: interval[0:05:00], next run at: 2025-10-01 07:12:48 EDT)" raised an exception
Traceback (most recent call last):
  File "C:\Users\vedav\OneDrive\Documents\GitHub\Safe-Transaction\env\Lib\site-packages\apscheduler\executors\base.py", line 131, in run_job
    retval = job.func(*job.args, **job.kwargs)
             ^^^^^^^^^^^^^^^^^^^^^^^^^^^^^^^^^
  File "C:\Users\vedav\OneDrive\Documents\GitHub\Safe-Transaction\insta485\transaction_manager.py", line 558, in check_scheduled_deadlines
    expired_tickets = self.connection.execute("""
                      ^^^^^^^^^^^^^^^
AttributeError: 'TransactionManager' object has no attribute 'connection'
2025-10-01 07:09:28 - apscheduler.executors.default - WARNING - run_job:126 - Run time of job "TransactionManager.check_scheduled_deadlines (trigger: interval[0:05:00], next run at: 2025-10-01 07:11:24 EDT)" was missed by 0:03:04.109058
2025-10-01 10:56:10 - apscheduler.executors.default - WARNING - run_job:126 - Run time of job "TransactionManager.check_scheduled_deadlines (trigger: interval[0:05:00], next run at: 2025-10-01 10:56:24 EDT)" was missed by 0:04:45.914374
2025-10-01 10:56:24 - apscheduler.executors.default - INFO - run_job:129 - Running job "TransactionManager.check_scheduled_deadlines (trigger: interval[0:05:00], next run at: 2025-10-01 11:01:24 EDT)" (scheduled at 2025-10-01 10:56:24.252358-04:00)
2025-10-01 10:56:24 - apscheduler.executors.default - ERROR - run_job:145 - Job "TransactionManager.check_scheduled_deadlines (trigger: interval[0:05:00], next run at: 2025-10-01 11:01:24 EDT)" raised an exception
Traceback (most recent call last):
  File "C:\Users\vedav\OneDrive\Documents\GitHub\Safe-Transaction\env\Lib\site-packages\apscheduler\executors\base.py", line 131, in run_job
    retval = job.func(*job.args, **job.kwargs)
             ^^^^^^^^^^^^^^^^^^^^^^^^^^^^^^^^^
  File "C:\Users\vedav\OneDrive\Documents\GitHub\Safe-Transaction\insta485\transaction_manager.py", line 558, in check_scheduled_deadlines
    expired_tickets = self.connection.execute("""
                      ^^^^^^^^^^^^^^^
AttributeError: 'TransactionManager' object has no attribute 'connection'
2025-10-01 10:57:34 - apscheduler.executors.default - WARNING - run_job:126 - Run time of job "TransactionManager.check_scheduled_deadlines (trigger: interval[0:05:00], next run at: 2025-10-01 10:57:48 EDT)" was missed by 0:04:45.896684
2025-10-01 10:57:48 - apscheduler.executors.default - INFO - run_job:129 - Running job "TransactionManager.check_scheduled_deadlines (trigger: interval[0:05:00], next run at: 2025-10-01 11:02:48 EDT)" (scheduled at 2025-10-01 10:57:48.122483-04:00)
2025-10-01 10:57:48 - apscheduler.executors.default - ERROR - run_job:145 - Job "TransactionManager.check_scheduled_deadlines (trigger: interval[0:05:00], next run at: 2025-10-01 11:02:48 EDT)" raised an exception
Traceback (most recent call last):
  File "C:\Users\vedav\OneDrive\Documents\GitHub\Safe-Transaction\env\Lib\site-packages\apscheduler\executors\base.py", line 131, in run_job
    retval = job.func(*job.args, **job.kwargs)
             ^^^^^^^^^^^^^^^^^^^^^^^^^^^^^^^^^
  File "C:\Users\vedav\OneDrive\Documents\GitHub\Safe-Transaction\insta485\transaction_manager.py", line 558, in check_scheduled_deadlines
    expired_tickets = self.connection.execute("""
                      ^^^^^^^^^^^^^^^
AttributeError: 'TransactionManager' object has no attribute 'connection'
2025-10-01 11:01:24 - apscheduler.executors.default - INFO - run_job:129 - Running job "TransactionManager.check_scheduled_deadlines (trigger: interval[0:05:00], next run at: 2025-10-01 11:06:24 EDT)" (scheduled at 2025-10-01 11:01:24.252358-04:00)
2025-10-01 11:01:24 - apscheduler.executors.default - ERROR - run_job:145 - Job "TransactionManager.check_scheduled_deadlines (trigger: interval[0:05:00], next run at: 2025-10-01 11:06:24 EDT)" raised an exception
Traceback (most recent call last):
  File "C:\Users\vedav\OneDrive\Documents\GitHub\Safe-Transaction\env\Lib\site-packages\apscheduler\executors\base.py", line 131, in run_job
    retval = job.func(*job.args, **job.kwargs)
             ^^^^^^^^^^^^^^^^^^^^^^^^^^^^^^^^^
  File "C:\Users\vedav\OneDrive\Documents\GitHub\Safe-Transaction\insta485\transaction_manager.py", line 558, in check_scheduled_deadlines
    expired_tickets = self.connection.execute("""
                      ^^^^^^^^^^^^^^^
AttributeError: 'TransactionManager' object has no attribute 'connection'
2025-10-01 11:58:25 - apscheduler.executors.default - WARNING - run_job:126 - Run time of job "TransactionManager.check_scheduled_deadlines (trigger: interval[0:05:00], next run at: 2025-10-01 12:02:48 EDT)" was missed by 0:00:37.479395
2025-10-01 12:53:19 - apscheduler.executors.default - WARNING - run_job:126 - Run time of job "TransactionManager.check_scheduled_deadlines (trigger: interval[0:05:00], next run at: 2025-10-01 12:56:24 EDT)" was missed by 0:01:55.060638
2025-10-01 12:54:05 - apscheduler.executors.default - WARNING - run_job:126 - Run time of job "TransactionManager.check_scheduled_deadlines (trigger: interval[0:05:00], next run at: 2025-10-01 12:57:48 EDT)" was missed by 0:01:17.576542
2025-10-01 12:56:24 - apscheduler.executors.default - INFO - run_job:129 - Running job "TransactionManager.check_scheduled_deadlines (trigger: interval[0:05:00], next run at: 2025-10-01 13:01:24 EDT)" (scheduled at 2025-10-01 12:56:24.252358-04:00)
2025-10-01 12:56:24 - apscheduler.executors.default - ERROR - run_job:145 - Job "TransactionManager.check_scheduled_deadlines (trigger: interval[0:05:00], next run at: 2025-10-01 13:01:24 EDT)" raised an exception
Traceback (most recent call last):
  File "C:\Users\vedav\OneDrive\Documents\GitHub\Safe-Transaction\env\Lib\site-packages\apscheduler\executors\base.py", line 131, in run_job
    retval = job.func(*job.args, **job.kwargs)
             ^^^^^^^^^^^^^^^^^^^^^^^^^^^^^^^^^
  File "C:\Users\vedav\OneDrive\Documents\GitHub\Safe-Transaction\insta485\transaction_manager.py", line 558, in check_scheduled_deadlines
    expired_tickets = self.connection.execute("""
                      ^^^^^^^^^^^^^^^
AttributeError: 'TransactionManager' object has no attribute 'connection'
2025-10-01 12:58:09 - apscheduler.executors.default - WARNING - run_job:126 - Run time of job "TransactionManager.check_scheduled_deadlines (trigger: interval[0:05:00], next run at: 2025-10-01 13:02:48 EDT)" was missed by 0:00:21.523311
2025-10-01 13:03:57 - apscheduler.executors.default - WARNING - run_job:126 - Run time of job "TransactionManager.check_scheduled_deadlines (trigger: interval[0:05:00], next run at: 2025-10-01 13:06:24 EDT)" was missed by 0:02:33.001643
2025-10-01 13:04:59 - apscheduler.executors.default - WARNING - run_job:126 - Run time of job "TransactionManager.check_scheduled_deadlines (trigger: interval[0:05:00], next run at: 2025-10-01 13:07:48 EDT)" was missed by 0:02:11.487702
2025-10-01 13:06:24 - apscheduler.executors.default - INFO - run_job:129 - Running job "TransactionManager.check_scheduled_deadlines (trigger: interval[0:05:00], next run at: 2025-10-01 13:11:24 EDT)" (scheduled at 2025-10-01 13:06:24.252358-04:00)
2025-10-01 13:06:24 - apscheduler.executors.default - ERROR - run_job:145 - Job "TransactionManager.check_scheduled_deadlines (trigger: interval[0:05:00], next run at: 2025-10-01 13:11:24 EDT)" raised an exception
Traceback (most recent call last):
  File "C:\Users\vedav\OneDrive\Documents\GitHub\Safe-Transaction\env\Lib\site-packages\apscheduler\executors\base.py", line 131, in run_job
    retval = job.func(*job.args, **job.kwargs)
             ^^^^^^^^^^^^^^^^^^^^^^^^^^^^^^^^^
  File "C:\Users\vedav\OneDrive\Documents\GitHub\Safe-Transaction\insta485\transaction_manager.py", line 558, in check_scheduled_deadlines
    expired_tickets = self.connection.execute("""
                      ^^^^^^^^^^^^^^^
AttributeError: 'TransactionManager' object has no attribute 'connection'
2025-10-01 13:08:27 - apscheduler.executors.default - WARNING - run_job:126 - Run time of job "TransactionManager.check_scheduled_deadlines (trigger: interval[0:05:00], next run at: 2025-10-01 13:12:48 EDT)" was missed by 0:00:39.090833
2025-10-01 13:12:03 - apscheduler.executors.default - WARNING - run_job:126 - Run time of job "TransactionManager.check_scheduled_deadlines (trigger: interval[0:05:00], next run at: 2025-10-01 13:16:24 EDT)" was missed by 0:00:39.092104
2025-10-01 13:12:48 - apscheduler.executors.default - INFO - run_job:129 - Running job "TransactionManager.check_scheduled_deadlines (trigger: interval[0:05:00], next run at: 2025-10-01 13:17:48 EDT)" (scheduled at 2025-10-01 13:12:48.122483-04:00)
2025-10-01 13:12:48 - apscheduler.executors.default - ERROR - run_job:145 - Job "TransactionManager.check_scheduled_deadlines (trigger: interval[0:05:00], next run at: 2025-10-01 13:17:48 EDT)" raised an exception
Traceback (most recent call last):
  File "C:\Users\vedav\OneDrive\Documents\GitHub\Safe-Transaction\env\Lib\site-packages\apscheduler\executors\base.py", line 131, in run_job
    retval = job.func(*job.args, **job.kwargs)
             ^^^^^^^^^^^^^^^^^^^^^^^^^^^^^^^^^
  File "C:\Users\vedav\OneDrive\Documents\GitHub\Safe-Transaction\insta485\transaction_manager.py", line 558, in check_scheduled_deadlines
    expired_tickets = self.connection.execute("""
                      ^^^^^^^^^^^^^^^
AttributeError: 'TransactionManager' object has no attribute 'connection'
2025-10-01 13:16:24 - apscheduler.executors.default - INFO - run_job:129 - Running job "TransactionManager.check_scheduled_deadlines (trigger: interval[0:05:00], next run at: 2025-10-01 13:21:24 EDT)" (scheduled at 2025-10-01 13:16:24.252358-04:00)
2025-10-01 13:16:24 - apscheduler.executors.default - ERROR - run_job:145 - Job "TransactionManager.check_scheduled_deadlines (trigger: interval[0:05:00], next run at: 2025-10-01 13:21:24 EDT)" raised an exception
Traceback (most recent call last):
  File "C:\Users\vedav\OneDrive\Documents\GitHub\Safe-Transaction\env\Lib\site-packages\apscheduler\executors\base.py", line 131, in run_job
    retval = job.func(*job.args, **job.kwargs)
             ^^^^^^^^^^^^^^^^^^^^^^^^^^^^^^^^^
  File "C:\Users\vedav\OneDrive\Documents\GitHub\Safe-Transaction\insta485\transaction_manager.py", line 558, in check_scheduled_deadlines
    expired_tickets = self.connection.execute("""
                      ^^^^^^^^^^^^^^^
AttributeError: 'TransactionManager' object has no attribute 'connection'
2025-10-02 09:08:42 - apscheduler.executors.default - WARNING - run_job:126 - Run time of job "TransactionManager.check_scheduled_deadlines (trigger: interval[0:05:00], next run at: 2025-10-02 09:12:48 EDT)" was missed by 0:00:54.130727
2025-10-05 18:52:12 - apscheduler.executors.default - WARNING - run_job:126 - Run time of job "TransactionManager.check_scheduled_deadlines (trigger: interval[0:05:00], next run at: 2025-10-05 18:56:24 EDT)" was missed by 0:00:48.494389
2025-10-05 18:52:42 - apscheduler.executors.default - WARNING - run_job:126 - Run time of job "TransactionManager.check_scheduled_deadlines (trigger: interval[0:05:00], next run at: 2025-10-05 18:52:48 EDT)" was missed by 0:04:54.354531
2025-10-05 18:52:48 - apscheduler.executors.default - INFO - run_job:129 - Running job "TransactionManager.check_scheduled_deadlines (trigger: interval[0:05:00], next run at: 2025-10-05 18:57:48 EDT)" (scheduled at 2025-10-05 18:52:48.122483-04:00)
2025-10-05 18:52:48 - apscheduler.executors.default - ERROR - run_job:145 - Job "TransactionManager.check_scheduled_deadlines (trigger: interval[0:05:00], next run at: 2025-10-05 18:57:48 EDT)" raised an exception
Traceback (most recent call last):
  File "C:\Users\vedav\OneDrive\Documents\GitHub\Safe-Transaction\env\Lib\site-packages\apscheduler\executors\base.py", line 131, in run_job
    retval = job.func(*job.args, **job.kwargs)
             ^^^^^^^^^^^^^^^^^^^^^^^^^^^^^^^^^
  File "C:\Users\vedav\OneDrive\Documents\GitHub\Safe-Transaction\insta485\transaction_manager.py", line 558, in check_scheduled_deadlines
    expired_tickets = self.connection.execute("""
                      ^^^^^^^^^^^^^^^
AttributeError: 'TransactionManager' object has no attribute 'connection'
2025-10-05 18:56:24 - apscheduler.executors.default - INFO - run_job:129 - Running job "TransactionManager.check_scheduled_deadlines (trigger: interval[0:05:00], next run at: 2025-10-05 19:01:24 EDT)" (scheduled at 2025-10-05 18:56:24.252358-04:00)
2025-10-05 18:56:24 - apscheduler.executors.default - ERROR - run_job:145 - Job "TransactionManager.check_scheduled_deadlines (trigger: interval[0:05:00], next run at: 2025-10-05 19:01:24 EDT)" raised an exception
Traceback (most recent call last):
  File "C:\Users\vedav\OneDrive\Documents\GitHub\Safe-Transaction\env\Lib\site-packages\apscheduler\executors\base.py", line 131, in run_job
    retval = job.func(*job.args, **job.kwargs)
             ^^^^^^^^^^^^^^^^^^^^^^^^^^^^^^^^^
  File "C:\Users\vedav\OneDrive\Documents\GitHub\Safe-Transaction\insta485\transaction_manager.py", line 558, in check_scheduled_deadlines
    expired_tickets = self.connection.execute("""
                      ^^^^^^^^^^^^^^^
AttributeError: 'TransactionManager' object has no attribute 'connection'
2025-10-05 18:57:48 - apscheduler.executors.default - INFO - run_job:129 - Running job "TransactionManager.check_scheduled_deadlines (trigger: interval[0:05:00], next run at: 2025-10-05 19:02:48 EDT)" (scheduled at 2025-10-05 18:57:48.122483-04:00)
2025-10-05 18:57:48 - apscheduler.executors.default - ERROR - run_job:145 - Job "TransactionManager.check_scheduled_deadlines (trigger: interval[0:05:00], next run at: 2025-10-05 19:02:48 EDT)" raised an exception
Traceback (most recent call last):
  File "C:\Users\vedav\OneDrive\Documents\GitHub\Safe-Transaction\env\Lib\site-packages\apscheduler\executors\base.py", line 131, in run_job
    retval = job.func(*job.args, **job.kwargs)
             ^^^^^^^^^^^^^^^^^^^^^^^^^^^^^^^^^
  File "C:\Users\vedav\OneDrive\Documents\GitHub\Safe-Transaction\insta485\transaction_manager.py", line 558, in check_scheduled_deadlines
    expired_tickets = self.connection.execute("""
                      ^^^^^^^^^^^^^^^
AttributeError: 'TransactionManager' object has no attribute 'connection'
2025-10-06 17:20:25 - apscheduler.executors.default - WARNING - run_job:126 - Run time of job "TransactionManager.check_scheduled_deadlines (trigger: interval[0:05:00], next run at: 2025-10-06 17:21:24 EDT)" was missed by 0:04:00.989697
2025-10-06 17:21:24 - apscheduler.executors.default - INFO - run_job:129 - Running job "TransactionManager.check_scheduled_deadlines (trigger: interval[0:05:00], next run at: 2025-10-06 17:26:24 EDT)" (scheduled at 2025-10-06 17:21:24.252358-04:00)
2025-10-06 17:21:24 - apscheduler.executors.default - ERROR - run_job:145 - Job "TransactionManager.check_scheduled_deadlines (trigger: interval[0:05:00], next run at: 2025-10-06 17:26:24 EDT)" raised an exception
Traceback (most recent call last):
  File "C:\Users\vedav\OneDrive\Documents\GitHub\Safe-Transaction\env\Lib\site-packages\apscheduler\executors\base.py", line 131, in run_job
    retval = job.func(*job.args, **job.kwargs)
             ^^^^^^^^^^^^^^^^^^^^^^^^^^^^^^^^^
  File "C:\Users\vedav\OneDrive\Documents\GitHub\Safe-Transaction\insta485\transaction_manager.py", line 558, in check_scheduled_deadlines
    expired_tickets = self.connection.execute("""
                      ^^^^^^^^^^^^^^^
AttributeError: 'TransactionManager' object has no attribute 'connection'
2025-10-06 17:21:49 - apscheduler.executors.default - WARNING - run_job:126 - Run time of job "TransactionManager.check_scheduled_deadlines (trigger: interval[0:05:00], next run at: 2025-10-06 17:22:48 EDT)" was missed by 0:04:00.994815
2025-10-06 17:22:48 - apscheduler.executors.default - INFO - run_job:129 - Running job "TransactionManager.check_scheduled_deadlines (trigger: interval[0:05:00], next run at: 2025-10-06 17:27:48 EDT)" (scheduled at 2025-10-06 17:22:48.122483-04:00)
2025-10-06 17:22:48 - apscheduler.executors.default - ERROR - run_job:145 - Job "TransactionManager.check_scheduled_deadlines (trigger: interval[0:05:00], next run at: 2025-10-06 17:27:48 EDT)" raised an exception
Traceback (most recent call last):
  File "C:\Users\vedav\OneDrive\Documents\GitHub\Safe-Transaction\env\Lib\site-packages\apscheduler\executors\base.py", line 131, in run_job
    retval = job.func(*job.args, **job.kwargs)
             ^^^^^^^^^^^^^^^^^^^^^^^^^^^^^^^^^
  File "C:\Users\vedav\OneDrive\Documents\GitHub\Safe-Transaction\insta485\transaction_manager.py", line 558, in check_scheduled_deadlines
    expired_tickets = self.connection.execute("""
                      ^^^^^^^^^^^^^^^
AttributeError: 'TransactionManager' object has no attribute 'connection'
2025-10-06 17:26:24 - apscheduler.executors.default - INFO - run_job:129 - Running job "TransactionManager.check_scheduled_deadlines (trigger: interval[0:05:00], next run at: 2025-10-06 17:31:24 EDT)" (scheduled at 2025-10-06 17:26:24.252358-04:00)
2025-10-06 17:26:24 - apscheduler.executors.default - ERROR - run_job:145 - Job "TransactionManager.check_scheduled_deadlines (trigger: interval[0:05:00], next run at: 2025-10-06 17:31:24 EDT)" raised an exception
Traceback (most recent call last):
  File "C:\Users\vedav\OneDrive\Documents\GitHub\Safe-Transaction\env\Lib\site-packages\apscheduler\executors\base.py", line 131, in run_job
    retval = job.func(*job.args, **job.kwargs)
             ^^^^^^^^^^^^^^^^^^^^^^^^^^^^^^^^^
  File "C:\Users\vedav\OneDrive\Documents\GitHub\Safe-Transaction\insta485\transaction_manager.py", line 558, in check_scheduled_deadlines
    expired_tickets = self.connection.execute("""
                      ^^^^^^^^^^^^^^^
AttributeError: 'TransactionManager' object has no attribute 'connection'
2025-10-06 17:27:48 - apscheduler.executors.default - INFO - run_job:129 - Running job "TransactionManager.check_scheduled_deadlines (trigger: interval[0:05:00], next run at: 2025-10-06 17:32:48 EDT)" (scheduled at 2025-10-06 17:27:48.122483-04:00)
2025-10-06 17:27:48 - apscheduler.executors.default - ERROR - run_job:145 - Job "TransactionManager.check_scheduled_deadlines (trigger: interval[0:05:00], next run at: 2025-10-06 17:32:48 EDT)" raised an exception
Traceback (most recent call last):
  File "C:\Users\vedav\OneDrive\Documents\GitHub\Safe-Transaction\env\Lib\site-packages\apscheduler\executors\base.py", line 131, in run_job
    retval = job.func(*job.args, **job.kwargs)
             ^^^^^^^^^^^^^^^^^^^^^^^^^^^^^^^^^
  File "C:\Users\vedav\OneDrive\Documents\GitHub\Safe-Transaction\insta485\transaction_manager.py", line 558, in check_scheduled_deadlines
    expired_tickets = self.connection.execute("""
                      ^^^^^^^^^^^^^^^
AttributeError: 'TransactionManager' object has no attribute 'connection'
2025-10-06 17:31:24 - apscheduler.executors.default - INFO - run_job:129 - Running job "TransactionManager.check_scheduled_deadlines (trigger: interval[0:05:00], next run at: 2025-10-06 17:36:24 EDT)" (scheduled at 2025-10-06 17:31:24.252358-04:00)
2025-10-06 17:31:24 - apscheduler.executors.default - ERROR - run_job:145 - Job "TransactionManager.check_scheduled_deadlines (trigger: interval[0:05:00], next run at: 2025-10-06 17:36:24 EDT)" raised an exception
Traceback (most recent call last):
  File "C:\Users\vedav\OneDrive\Documents\GitHub\Safe-Transaction\env\Lib\site-packages\apscheduler\executors\base.py", line 131, in run_job
    retval = job.func(*job.args, **job.kwargs)
             ^^^^^^^^^^^^^^^^^^^^^^^^^^^^^^^^^
  File "C:\Users\vedav\OneDrive\Documents\GitHub\Safe-Transaction\insta485\transaction_manager.py", line 558, in check_scheduled_deadlines
    expired_tickets = self.connection.execute("""
                      ^^^^^^^^^^^^^^^
AttributeError: 'TransactionManager' object has no attribute 'connection'
2025-10-06 17:32:48 - apscheduler.executors.default - INFO - run_job:129 - Running job "TransactionManager.check_scheduled_deadlines (trigger: interval[0:05:00], next run at: 2025-10-06 17:37:48 EDT)" (scheduled at 2025-10-06 17:32:48.122483-04:00)
2025-10-06 17:32:48 - apscheduler.executors.default - ERROR - run_job:145 - Job "TransactionManager.check_scheduled_deadlines (trigger: interval[0:05:00], next run at: 2025-10-06 17:37:48 EDT)" raised an exception
Traceback (most recent call last):
  File "C:\Users\vedav\OneDrive\Documents\GitHub\Safe-Transaction\env\Lib\site-packages\apscheduler\executors\base.py", line 131, in run_job
    retval = job.func(*job.args, **job.kwargs)
             ^^^^^^^^^^^^^^^^^^^^^^^^^^^^^^^^^
  File "C:\Users\vedav\OneDrive\Documents\GitHub\Safe-Transaction\insta485\transaction_manager.py", line 558, in check_scheduled_deadlines
    expired_tickets = self.connection.execute("""
                      ^^^^^^^^^^^^^^^
AttributeError: 'TransactionManager' object has no attribute 'connection'
2025-10-06 17:36:24 - apscheduler.executors.default - INFO - run_job:129 - Running job "TransactionManager.check_scheduled_deadlines (trigger: interval[0:05:00], next run at: 2025-10-06 17:41:24 EDT)" (scheduled at 2025-10-06 17:36:24.252358-04:00)
2025-10-06 17:36:24 - apscheduler.executors.default - ERROR - run_job:145 - Job "TransactionManager.check_scheduled_deadlines (trigger: interval[0:05:00], next run at: 2025-10-06 17:41:24 EDT)" raised an exception
Traceback (most recent call last):
  File "C:\Users\vedav\OneDrive\Documents\GitHub\Safe-Transaction\env\Lib\site-packages\apscheduler\executors\base.py", line 131, in run_job
    retval = job.func(*job.args, **job.kwargs)
             ^^^^^^^^^^^^^^^^^^^^^^^^^^^^^^^^^
  File "C:\Users\vedav\OneDrive\Documents\GitHub\Safe-Transaction\insta485\transaction_manager.py", line 558, in check_scheduled_deadlines
    expired_tickets = self.connection.execute("""
                      ^^^^^^^^^^^^^^^
AttributeError: 'TransactionManager' object has no attribute 'connection'
2025-10-06 17:37:48 - apscheduler.executors.default - INFO - run_job:129 - Running job "TransactionManager.check_scheduled_deadlines (trigger: interval[0:05:00], next run at: 2025-10-06 17:42:48 EDT)" (scheduled at 2025-10-06 17:37:48.122483-04:00)
2025-10-06 17:37:48 - apscheduler.executors.default - ERROR - run_job:145 - Job "TransactionManager.check_scheduled_deadlines (trigger: interval[0:05:00], next run at: 2025-10-06 17:42:48 EDT)" raised an exception
Traceback (most recent call last):
  File "C:\Users\vedav\OneDrive\Documents\GitHub\Safe-Transaction\env\Lib\site-packages\apscheduler\executors\base.py", line 131, in run_job
    retval = job.func(*job.args, **job.kwargs)
             ^^^^^^^^^^^^^^^^^^^^^^^^^^^^^^^^^
  File "C:\Users\vedav\OneDrive\Documents\GitHub\Safe-Transaction\insta485\transaction_manager.py", line 558, in check_scheduled_deadlines
    expired_tickets = self.connection.execute("""
                      ^^^^^^^^^^^^^^^
AttributeError: 'TransactionManager' object has no attribute 'connection'
2025-10-06 17:41:24 - apscheduler.executors.default - INFO - run_job:129 - Running job "TransactionManager.check_scheduled_deadlines (trigger: interval[0:05:00], next run at: 2025-10-06 17:46:24 EDT)" (scheduled at 2025-10-06 17:41:24.252358-04:00)
2025-10-06 17:41:24 - apscheduler.executors.default - ERROR - run_job:145 - Job "TransactionManager.check_scheduled_deadlines (trigger: interval[0:05:00], next run at: 2025-10-06 17:46:24 EDT)" raised an exception
Traceback (most recent call last):
  File "C:\Users\vedav\OneDrive\Documents\GitHub\Safe-Transaction\env\Lib\site-packages\apscheduler\executors\base.py", line 131, in run_job
    retval = job.func(*job.args, **job.kwargs)
             ^^^^^^^^^^^^^^^^^^^^^^^^^^^^^^^^^
  File "C:\Users\vedav\OneDrive\Documents\GitHub\Safe-Transaction\insta485\transaction_manager.py", line 558, in check_scheduled_deadlines
    expired_tickets = self.connection.execute("""
                      ^^^^^^^^^^^^^^^
AttributeError: 'TransactionManager' object has no attribute 'connection'
2025-10-06 17:42:48 - apscheduler.executors.default - INFO - run_job:129 - Running job "TransactionManager.check_scheduled_deadlines (trigger: interval[0:05:00], next run at: 2025-10-06 17:47:48 EDT)" (scheduled at 2025-10-06 17:42:48.122483-04:00)
2025-10-06 17:42:48 - apscheduler.executors.default - ERROR - run_job:145 - Job "TransactionManager.check_scheduled_deadlines (trigger: interval[0:05:00], next run at: 2025-10-06 17:47:48 EDT)" raised an exception
Traceback (most recent call last):
  File "C:\Users\vedav\OneDrive\Documents\GitHub\Safe-Transaction\env\Lib\site-packages\apscheduler\executors\base.py", line 131, in run_job
    retval = job.func(*job.args, **job.kwargs)
             ^^^^^^^^^^^^^^^^^^^^^^^^^^^^^^^^^
  File "C:\Users\vedav\OneDrive\Documents\GitHub\Safe-Transaction\insta485\transaction_manager.py", line 558, in check_scheduled_deadlines
    expired_tickets = self.connection.execute("""
                      ^^^^^^^^^^^^^^^
AttributeError: 'TransactionManager' object has no attribute 'connection'
2025-10-06 17:46:24 - apscheduler.executors.default - INFO - run_job:129 - Running job "TransactionManager.check_scheduled_deadlines (trigger: interval[0:05:00], next run at: 2025-10-06 17:51:24 EDT)" (scheduled at 2025-10-06 17:46:24.252358-04:00)
2025-10-06 17:46:24 - apscheduler.executors.default - ERROR - run_job:145 - Job "TransactionManager.check_scheduled_deadlines (trigger: interval[0:05:00], next run at: 2025-10-06 17:51:24 EDT)" raised an exception
Traceback (most recent call last):
  File "C:\Users\vedav\OneDrive\Documents\GitHub\Safe-Transaction\env\Lib\site-packages\apscheduler\executors\base.py", line 131, in run_job
    retval = job.func(*job.args, **job.kwargs)
             ^^^^^^^^^^^^^^^^^^^^^^^^^^^^^^^^^
  File "C:\Users\vedav\OneDrive\Documents\GitHub\Safe-Transaction\insta485\transaction_manager.py", line 558, in check_scheduled_deadlines
    expired_tickets = self.connection.execute("""
                      ^^^^^^^^^^^^^^^
AttributeError: 'TransactionManager' object has no attribute 'connection'
2025-10-06 17:47:44 - werkzeug - INFO - _log:187 - 127.0.0.1 - - [06/Oct/2025 17:47:44] "[32mGET / HTTP/1.1[0m" 302 -
2025-10-06 17:47:44 - werkzeug - INFO - _log:187 - 127.0.0.1 - - [06/Oct/2025 17:47:44] "GET /accounts/login/ HTTP/1.1" 200 -
2025-10-06 17:47:45 - werkzeug - INFO - _log:187 - 127.0.0.1 - - [06/Oct/2025 17:47:45] "[35m[1mGET /favicon.ico HTTP/1.1[0m" 204 -
2025-10-06 17:47:48 - apscheduler.executors.default - INFO - run_job:129 - Running job "TransactionManager.check_scheduled_deadlines (trigger: interval[0:05:00], next run at: 2025-10-06 17:52:48 EDT)" (scheduled at 2025-10-06 17:47:48.122483-04:00)
2025-10-06 17:47:48 - apscheduler.executors.default - ERROR - run_job:145 - Job "TransactionManager.check_scheduled_deadlines (trigger: interval[0:05:00], next run at: 2025-10-06 17:52:48 EDT)" raised an exception
Traceback (most recent call last):
  File "C:\Users\vedav\OneDrive\Documents\GitHub\Safe-Transaction\env\Lib\site-packages\apscheduler\executors\base.py", line 131, in run_job
    retval = job.func(*job.args, **job.kwargs)
             ^^^^^^^^^^^^^^^^^^^^^^^^^^^^^^^^^
  File "C:\Users\vedav\OneDrive\Documents\GitHub\Safe-Transaction\insta485\transaction_manager.py", line 558, in check_scheduled_deadlines
    expired_tickets = self.connection.execute("""
                      ^^^^^^^^^^^^^^^
AttributeError: 'TransactionManager' object has no attribute 'connection'
2025-10-06 17:51:24 - apscheduler.executors.default - INFO - run_job:129 - Running job "TransactionManager.check_scheduled_deadlines (trigger: interval[0:05:00], next run at: 2025-10-06 17:56:24 EDT)" (scheduled at 2025-10-06 17:51:24.252358-04:00)
2025-10-06 17:51:24 - apscheduler.executors.default - ERROR - run_job:145 - Job "TransactionManager.check_scheduled_deadlines (trigger: interval[0:05:00], next run at: 2025-10-06 17:56:24 EDT)" raised an exception
Traceback (most recent call last):
  File "C:\Users\vedav\OneDrive\Documents\GitHub\Safe-Transaction\env\Lib\site-packages\apscheduler\executors\base.py", line 131, in run_job
    retval = job.func(*job.args, **job.kwargs)
             ^^^^^^^^^^^^^^^^^^^^^^^^^^^^^^^^^
  File "C:\Users\vedav\OneDrive\Documents\GitHub\Safe-Transaction\insta485\transaction_manager.py", line 558, in check_scheduled_deadlines
    expired_tickets = self.connection.execute("""
                      ^^^^^^^^^^^^^^^
AttributeError: 'TransactionManager' object has no attribute 'connection'
2025-10-06 17:52:48 - apscheduler.executors.default - INFO - run_job:129 - Running job "TransactionManager.check_scheduled_deadlines (trigger: interval[0:05:00], next run at: 2025-10-06 17:57:48 EDT)" (scheduled at 2025-10-06 17:52:48.122483-04:00)
2025-10-06 17:52:48 - apscheduler.executors.default - ERROR - run_job:145 - Job "TransactionManager.check_scheduled_deadlines (trigger: interval[0:05:00], next run at: 2025-10-06 17:57:48 EDT)" raised an exception
Traceback (most recent call last):
  File "C:\Users\vedav\OneDrive\Documents\GitHub\Safe-Transaction\env\Lib\site-packages\apscheduler\executors\base.py", line 131, in run_job
    retval = job.func(*job.args, **job.kwargs)
             ^^^^^^^^^^^^^^^^^^^^^^^^^^^^^^^^^
  File "C:\Users\vedav\OneDrive\Documents\GitHub\Safe-Transaction\insta485\transaction_manager.py", line 558, in check_scheduled_deadlines
    expired_tickets = self.connection.execute("""
                      ^^^^^^^^^^^^^^^
AttributeError: 'TransactionManager' object has no attribute 'connection'
2025-10-06 17:56:24 - apscheduler.executors.default - INFO - run_job:129 - Running job "TransactionManager.check_scheduled_deadlines (trigger: interval[0:05:00], next run at: 2025-10-06 18:01:24 EDT)" (scheduled at 2025-10-06 17:56:24.252358-04:00)
2025-10-06 17:56:24 - apscheduler.executors.default - ERROR - run_job:145 - Job "TransactionManager.check_scheduled_deadlines (trigger: interval[0:05:00], next run at: 2025-10-06 18:01:24 EDT)" raised an exception
Traceback (most recent call last):
  File "C:\Users\vedav\OneDrive\Documents\GitHub\Safe-Transaction\env\Lib\site-packages\apscheduler\executors\base.py", line 131, in run_job
    retval = job.func(*job.args, **job.kwargs)
             ^^^^^^^^^^^^^^^^^^^^^^^^^^^^^^^^^
  File "C:\Users\vedav\OneDrive\Documents\GitHub\Safe-Transaction\insta485\transaction_manager.py", line 558, in check_scheduled_deadlines
    expired_tickets = self.connection.execute("""
                      ^^^^^^^^^^^^^^^
AttributeError: 'TransactionManager' object has no attribute 'connection'
2025-10-06 17:57:48 - apscheduler.executors.default - INFO - run_job:129 - Running job "TransactionManager.check_scheduled_deadlines (trigger: interval[0:05:00], next run at: 2025-10-06 18:02:48 EDT)" (scheduled at 2025-10-06 17:57:48.122483-04:00)
2025-10-06 17:57:48 - apscheduler.executors.default - ERROR - run_job:145 - Job "TransactionManager.check_scheduled_deadlines (trigger: interval[0:05:00], next run at: 2025-10-06 18:02:48 EDT)" raised an exception
Traceback (most recent call last):
  File "C:\Users\vedav\OneDrive\Documents\GitHub\Safe-Transaction\env\Lib\site-packages\apscheduler\executors\base.py", line 131, in run_job
    retval = job.func(*job.args, **job.kwargs)
             ^^^^^^^^^^^^^^^^^^^^^^^^^^^^^^^^^
  File "C:\Users\vedav\OneDrive\Documents\GitHub\Safe-Transaction\insta485\transaction_manager.py", line 558, in check_scheduled_deadlines
    expired_tickets = self.connection.execute("""
                      ^^^^^^^^^^^^^^^
AttributeError: 'TransactionManager' object has no attribute 'connection'
2025-10-06 18:01:24 - apscheduler.executors.default - INFO - run_job:129 - Running job "TransactionManager.check_scheduled_deadlines (trigger: interval[0:05:00], next run at: 2025-10-06 18:06:24 EDT)" (scheduled at 2025-10-06 18:01:24.252358-04:00)
2025-10-06 18:01:24 - apscheduler.executors.default - ERROR - run_job:145 - Job "TransactionManager.check_scheduled_deadlines (trigger: interval[0:05:00], next run at: 2025-10-06 18:06:24 EDT)" raised an exception
Traceback (most recent call last):
  File "C:\Users\vedav\OneDrive\Documents\GitHub\Safe-Transaction\env\Lib\site-packages\apscheduler\executors\base.py", line 131, in run_job
    retval = job.func(*job.args, **job.kwargs)
             ^^^^^^^^^^^^^^^^^^^^^^^^^^^^^^^^^
  File "C:\Users\vedav\OneDrive\Documents\GitHub\Safe-Transaction\insta485\transaction_manager.py", line 558, in check_scheduled_deadlines
    expired_tickets = self.connection.execute("""
                      ^^^^^^^^^^^^^^^
AttributeError: 'TransactionManager' object has no attribute 'connection'
2025-10-06 18:02:48 - apscheduler.executors.default - INFO - run_job:129 - Running job "TransactionManager.check_scheduled_deadlines (trigger: interval[0:05:00], next run at: 2025-10-06 18:07:48 EDT)" (scheduled at 2025-10-06 18:02:48.122483-04:00)
2025-10-06 18:02:48 - apscheduler.executors.default - ERROR - run_job:145 - Job "TransactionManager.check_scheduled_deadlines (trigger: interval[0:05:00], next run at: 2025-10-06 18:07:48 EDT)" raised an exception
Traceback (most recent call last):
  File "C:\Users\vedav\OneDrive\Documents\GitHub\Safe-Transaction\env\Lib\site-packages\apscheduler\executors\base.py", line 131, in run_job
    retval = job.func(*job.args, **job.kwargs)
             ^^^^^^^^^^^^^^^^^^^^^^^^^^^^^^^^^
  File "C:\Users\vedav\OneDrive\Documents\GitHub\Safe-Transaction\insta485\transaction_manager.py", line 558, in check_scheduled_deadlines
    expired_tickets = self.connection.execute("""
                      ^^^^^^^^^^^^^^^
AttributeError: 'TransactionManager' object has no attribute 'connection'
2025-10-06 18:06:24 - apscheduler.executors.default - INFO - run_job:129 - Running job "TransactionManager.check_scheduled_deadlines (trigger: interval[0:05:00], next run at: 2025-10-06 18:11:24 EDT)" (scheduled at 2025-10-06 18:06:24.252358-04:00)
2025-10-06 18:06:24 - apscheduler.executors.default - ERROR - run_job:145 - Job "TransactionManager.check_scheduled_deadlines (trigger: interval[0:05:00], next run at: 2025-10-06 18:11:24 EDT)" raised an exception
Traceback (most recent call last):
  File "C:\Users\vedav\OneDrive\Documents\GitHub\Safe-Transaction\env\Lib\site-packages\apscheduler\executors\base.py", line 131, in run_job
    retval = job.func(*job.args, **job.kwargs)
             ^^^^^^^^^^^^^^^^^^^^^^^^^^^^^^^^^
  File "C:\Users\vedav\OneDrive\Documents\GitHub\Safe-Transaction\insta485\transaction_manager.py", line 558, in check_scheduled_deadlines
    expired_tickets = self.connection.execute("""
                      ^^^^^^^^^^^^^^^
AttributeError: 'TransactionManager' object has no attribute 'connection'
2025-10-06 18:07:48 - apscheduler.executors.default - INFO - run_job:129 - Running job "TransactionManager.check_scheduled_deadlines (trigger: interval[0:05:00], next run at: 2025-10-06 18:12:48 EDT)" (scheduled at 2025-10-06 18:07:48.122483-04:00)
2025-10-06 18:07:48 - apscheduler.executors.default - ERROR - run_job:145 - Job "TransactionManager.check_scheduled_deadlines (trigger: interval[0:05:00], next run at: 2025-10-06 18:12:48 EDT)" raised an exception
Traceback (most recent call last):
  File "C:\Users\vedav\OneDrive\Documents\GitHub\Safe-Transaction\env\Lib\site-packages\apscheduler\executors\base.py", line 131, in run_job
    retval = job.func(*job.args, **job.kwargs)
             ^^^^^^^^^^^^^^^^^^^^^^^^^^^^^^^^^
  File "C:\Users\vedav\OneDrive\Documents\GitHub\Safe-Transaction\insta485\transaction_manager.py", line 558, in check_scheduled_deadlines
    expired_tickets = self.connection.execute("""
                      ^^^^^^^^^^^^^^^
AttributeError: 'TransactionManager' object has no attribute 'connection'
2025-10-06 18:11:24 - apscheduler.executors.default - INFO - run_job:129 - Running job "TransactionManager.check_scheduled_deadlines (trigger: interval[0:05:00], next run at: 2025-10-06 18:16:24 EDT)" (scheduled at 2025-10-06 18:11:24.252358-04:00)
2025-10-06 18:11:24 - apscheduler.executors.default - ERROR - run_job:145 - Job "TransactionManager.check_scheduled_deadlines (trigger: interval[0:05:00], next run at: 2025-10-06 18:16:24 EDT)" raised an exception
Traceback (most recent call last):
  File "C:\Users\vedav\OneDrive\Documents\GitHub\Safe-Transaction\env\Lib\site-packages\apscheduler\executors\base.py", line 131, in run_job
    retval = job.func(*job.args, **job.kwargs)
             ^^^^^^^^^^^^^^^^^^^^^^^^^^^^^^^^^
  File "C:\Users\vedav\OneDrive\Documents\GitHub\Safe-Transaction\insta485\transaction_manager.py", line 558, in check_scheduled_deadlines
    expired_tickets = self.connection.execute("""
                      ^^^^^^^^^^^^^^^
AttributeError: 'TransactionManager' object has no attribute 'connection'
2025-10-06 18:12:48 - apscheduler.executors.default - INFO - run_job:129 - Running job "TransactionManager.check_scheduled_deadlines (trigger: interval[0:05:00], next run at: 2025-10-06 18:17:48 EDT)" (scheduled at 2025-10-06 18:12:48.122483-04:00)
2025-10-06 18:12:48 - apscheduler.executors.default - ERROR - run_job:145 - Job "TransactionManager.check_scheduled_deadlines (trigger: interval[0:05:00], next run at: 2025-10-06 18:17:48 EDT)" raised an exception
Traceback (most recent call last):
  File "C:\Users\vedav\OneDrive\Documents\GitHub\Safe-Transaction\env\Lib\site-packages\apscheduler\executors\base.py", line 131, in run_job
    retval = job.func(*job.args, **job.kwargs)
             ^^^^^^^^^^^^^^^^^^^^^^^^^^^^^^^^^
  File "C:\Users\vedav\OneDrive\Documents\GitHub\Safe-Transaction\insta485\transaction_manager.py", line 558, in check_scheduled_deadlines
    expired_tickets = self.connection.execute("""
                      ^^^^^^^^^^^^^^^
AttributeError: 'TransactionManager' object has no attribute 'connection'
2025-10-06 18:16:24 - apscheduler.executors.default - INFO - run_job:129 - Running job "TransactionManager.check_scheduled_deadlines (trigger: interval[0:05:00], next run at: 2025-10-06 18:21:24 EDT)" (scheduled at 2025-10-06 18:16:24.252358-04:00)
2025-10-06 18:16:24 - apscheduler.executors.default - ERROR - run_job:145 - Job "TransactionManager.check_scheduled_deadlines (trigger: interval[0:05:00], next run at: 2025-10-06 18:21:24 EDT)" raised an exception
Traceback (most recent call last):
  File "C:\Users\vedav\OneDrive\Documents\GitHub\Safe-Transaction\env\Lib\site-packages\apscheduler\executors\base.py", line 131, in run_job
    retval = job.func(*job.args, **job.kwargs)
             ^^^^^^^^^^^^^^^^^^^^^^^^^^^^^^^^^
  File "C:\Users\vedav\OneDrive\Documents\GitHub\Safe-Transaction\insta485\transaction_manager.py", line 558, in check_scheduled_deadlines
    expired_tickets = self.connection.execute("""
                      ^^^^^^^^^^^^^^^
AttributeError: 'TransactionManager' object has no attribute 'connection'
2025-10-06 18:17:48 - apscheduler.executors.default - INFO - run_job:129 - Running job "TransactionManager.check_scheduled_deadlines (trigger: interval[0:05:00], next run at: 2025-10-06 18:22:48 EDT)" (scheduled at 2025-10-06 18:17:48.122483-04:00)
2025-10-06 18:17:48 - apscheduler.executors.default - ERROR - run_job:145 - Job "TransactionManager.check_scheduled_deadlines (trigger: interval[0:05:00], next run at: 2025-10-06 18:22:48 EDT)" raised an exception
Traceback (most recent call last):
  File "C:\Users\vedav\OneDrive\Documents\GitHub\Safe-Transaction\env\Lib\site-packages\apscheduler\executors\base.py", line 131, in run_job
    retval = job.func(*job.args, **job.kwargs)
             ^^^^^^^^^^^^^^^^^^^^^^^^^^^^^^^^^
  File "C:\Users\vedav\OneDrive\Documents\GitHub\Safe-Transaction\insta485\transaction_manager.py", line 558, in check_scheduled_deadlines
    expired_tickets = self.connection.execute("""
                      ^^^^^^^^^^^^^^^
AttributeError: 'TransactionManager' object has no attribute 'connection'
2025-10-06 18:21:24 - apscheduler.executors.default - INFO - run_job:129 - Running job "TransactionManager.check_scheduled_deadlines (trigger: interval[0:05:00], next run at: 2025-10-06 18:26:24 EDT)" (scheduled at 2025-10-06 18:21:24.252358-04:00)
2025-10-06 18:21:24 - apscheduler.executors.default - ERROR - run_job:145 - Job "TransactionManager.check_scheduled_deadlines (trigger: interval[0:05:00], next run at: 2025-10-06 18:26:24 EDT)" raised an exception
Traceback (most recent call last):
  File "C:\Users\vedav\OneDrive\Documents\GitHub\Safe-Transaction\env\Lib\site-packages\apscheduler\executors\base.py", line 131, in run_job
    retval = job.func(*job.args, **job.kwargs)
             ^^^^^^^^^^^^^^^^^^^^^^^^^^^^^^^^^
  File "C:\Users\vedav\OneDrive\Documents\GitHub\Safe-Transaction\insta485\transaction_manager.py", line 558, in check_scheduled_deadlines
    expired_tickets = self.connection.execute("""
                      ^^^^^^^^^^^^^^^
AttributeError: 'TransactionManager' object has no attribute 'connection'
2025-10-06 18:22:48 - apscheduler.executors.default - INFO - run_job:129 - Running job "TransactionManager.check_scheduled_deadlines (trigger: interval[0:05:00], next run at: 2025-10-06 18:27:48 EDT)" (scheduled at 2025-10-06 18:22:48.122483-04:00)
2025-10-06 18:22:48 - apscheduler.executors.default - ERROR - run_job:145 - Job "TransactionManager.check_scheduled_deadlines (trigger: interval[0:05:00], next run at: 2025-10-06 18:27:48 EDT)" raised an exception
Traceback (most recent call last):
  File "C:\Users\vedav\OneDrive\Documents\GitHub\Safe-Transaction\env\Lib\site-packages\apscheduler\executors\base.py", line 131, in run_job
    retval = job.func(*job.args, **job.kwargs)
             ^^^^^^^^^^^^^^^^^^^^^^^^^^^^^^^^^
  File "C:\Users\vedav\OneDrive\Documents\GitHub\Safe-Transaction\insta485\transaction_manager.py", line 558, in check_scheduled_deadlines
    expired_tickets = self.connection.execute("""
                      ^^^^^^^^^^^^^^^
AttributeError: 'TransactionManager' object has no attribute 'connection'
2025-10-06 18:26:24 - apscheduler.executors.default - INFO - run_job:129 - Running job "TransactionManager.check_scheduled_deadlines (trigger: interval[0:05:00], next run at: 2025-10-06 18:31:24 EDT)" (scheduled at 2025-10-06 18:26:24.252358-04:00)
2025-10-06 18:26:24 - apscheduler.executors.default - ERROR - run_job:145 - Job "TransactionManager.check_scheduled_deadlines (trigger: interval[0:05:00], next run at: 2025-10-06 18:31:24 EDT)" raised an exception
Traceback (most recent call last):
  File "C:\Users\vedav\OneDrive\Documents\GitHub\Safe-Transaction\env\Lib\site-packages\apscheduler\executors\base.py", line 131, in run_job
    retval = job.func(*job.args, **job.kwargs)
             ^^^^^^^^^^^^^^^^^^^^^^^^^^^^^^^^^
  File "C:\Users\vedav\OneDrive\Documents\GitHub\Safe-Transaction\insta485\transaction_manager.py", line 558, in check_scheduled_deadlines
    expired_tickets = self.connection.execute("""
                      ^^^^^^^^^^^^^^^
AttributeError: 'TransactionManager' object has no attribute 'connection'
2025-10-06 18:27:48 - apscheduler.executors.default - INFO - run_job:129 - Running job "TransactionManager.check_scheduled_deadlines (trigger: interval[0:05:00], next run at: 2025-10-06 18:32:48 EDT)" (scheduled at 2025-10-06 18:27:48.122483-04:00)
2025-10-06 18:27:48 - apscheduler.executors.default - ERROR - run_job:145 - Job "TransactionManager.check_scheduled_deadlines (trigger: interval[0:05:00], next run at: 2025-10-06 18:32:48 EDT)" raised an exception
Traceback (most recent call last):
  File "C:\Users\vedav\OneDrive\Documents\GitHub\Safe-Transaction\env\Lib\site-packages\apscheduler\executors\base.py", line 131, in run_job
    retval = job.func(*job.args, **job.kwargs)
             ^^^^^^^^^^^^^^^^^^^^^^^^^^^^^^^^^
  File "C:\Users\vedav\OneDrive\Documents\GitHub\Safe-Transaction\insta485\transaction_manager.py", line 558, in check_scheduled_deadlines
    expired_tickets = self.connection.execute("""
                      ^^^^^^^^^^^^^^^
AttributeError: 'TransactionManager' object has no attribute 'connection'
2025-10-06 18:31:24 - apscheduler.executors.default - INFO - run_job:129 - Running job "TransactionManager.check_scheduled_deadlines (trigger: interval[0:05:00], next run at: 2025-10-06 18:36:24 EDT)" (scheduled at 2025-10-06 18:31:24.252358-04:00)
2025-10-06 18:31:24 - apscheduler.executors.default - ERROR - run_job:145 - Job "TransactionManager.check_scheduled_deadlines (trigger: interval[0:05:00], next run at: 2025-10-06 18:36:24 EDT)" raised an exception
Traceback (most recent call last):
  File "C:\Users\vedav\OneDrive\Documents\GitHub\Safe-Transaction\env\Lib\site-packages\apscheduler\executors\base.py", line 131, in run_job
    retval = job.func(*job.args, **job.kwargs)
             ^^^^^^^^^^^^^^^^^^^^^^^^^^^^^^^^^
  File "C:\Users\vedav\OneDrive\Documents\GitHub\Safe-Transaction\insta485\transaction_manager.py", line 558, in check_scheduled_deadlines
    expired_tickets = self.connection.execute("""
                      ^^^^^^^^^^^^^^^
AttributeError: 'TransactionManager' object has no attribute 'connection'
2025-10-06 18:32:48 - apscheduler.executors.default - INFO - run_job:129 - Running job "TransactionManager.check_scheduled_deadlines (trigger: interval[0:05:00], next run at: 2025-10-06 18:37:48 EDT)" (scheduled at 2025-10-06 18:32:48.122483-04:00)
2025-10-06 18:32:48 - apscheduler.executors.default - ERROR - run_job:145 - Job "TransactionManager.check_scheduled_deadlines (trigger: interval[0:05:00], next run at: 2025-10-06 18:37:48 EDT)" raised an exception
Traceback (most recent call last):
  File "C:\Users\vedav\OneDrive\Documents\GitHub\Safe-Transaction\env\Lib\site-packages\apscheduler\executors\base.py", line 131, in run_job
    retval = job.func(*job.args, **job.kwargs)
             ^^^^^^^^^^^^^^^^^^^^^^^^^^^^^^^^^
  File "C:\Users\vedav\OneDrive\Documents\GitHub\Safe-Transaction\insta485\transaction_manager.py", line 558, in check_scheduled_deadlines
    expired_tickets = self.connection.execute("""
                      ^^^^^^^^^^^^^^^
AttributeError: 'TransactionManager' object has no attribute 'connection'
2025-10-06 18:36:24 - apscheduler.executors.default - INFO - run_job:129 - Running job "TransactionManager.check_scheduled_deadlines (trigger: interval[0:05:00], next run at: 2025-10-06 18:41:24 EDT)" (scheduled at 2025-10-06 18:36:24.252358-04:00)
2025-10-06 18:36:24 - apscheduler.executors.default - ERROR - run_job:145 - Job "TransactionManager.check_scheduled_deadlines (trigger: interval[0:05:00], next run at: 2025-10-06 18:41:24 EDT)" raised an exception
Traceback (most recent call last):
  File "C:\Users\vedav\OneDrive\Documents\GitHub\Safe-Transaction\env\Lib\site-packages\apscheduler\executors\base.py", line 131, in run_job
    retval = job.func(*job.args, **job.kwargs)
             ^^^^^^^^^^^^^^^^^^^^^^^^^^^^^^^^^
  File "C:\Users\vedav\OneDrive\Documents\GitHub\Safe-Transaction\insta485\transaction_manager.py", line 558, in check_scheduled_deadlines
    expired_tickets = self.connection.execute("""
                      ^^^^^^^^^^^^^^^
AttributeError: 'TransactionManager' object has no attribute 'connection'
2025-10-06 18:37:48 - apscheduler.executors.default - INFO - run_job:129 - Running job "TransactionManager.check_scheduled_deadlines (trigger: interval[0:05:00], next run at: 2025-10-06 18:42:48 EDT)" (scheduled at 2025-10-06 18:37:48.122483-04:00)
2025-10-06 18:37:48 - apscheduler.executors.default - ERROR - run_job:145 - Job "TransactionManager.check_scheduled_deadlines (trigger: interval[0:05:00], next run at: 2025-10-06 18:42:48 EDT)" raised an exception
Traceback (most recent call last):
  File "C:\Users\vedav\OneDrive\Documents\GitHub\Safe-Transaction\env\Lib\site-packages\apscheduler\executors\base.py", line 131, in run_job
    retval = job.func(*job.args, **job.kwargs)
             ^^^^^^^^^^^^^^^^^^^^^^^^^^^^^^^^^
  File "C:\Users\vedav\OneDrive\Documents\GitHub\Safe-Transaction\insta485\transaction_manager.py", line 558, in check_scheduled_deadlines
    expired_tickets = self.connection.execute("""
                      ^^^^^^^^^^^^^^^
AttributeError: 'TransactionManager' object has no attribute 'connection'
2025-10-06 18:41:24 - apscheduler.executors.default - INFO - run_job:129 - Running job "TransactionManager.check_scheduled_deadlines (trigger: interval[0:05:00], next run at: 2025-10-06 18:46:24 EDT)" (scheduled at 2025-10-06 18:41:24.252358-04:00)
2025-10-06 18:41:24 - apscheduler.executors.default - ERROR - run_job:145 - Job "TransactionManager.check_scheduled_deadlines (trigger: interval[0:05:00], next run at: 2025-10-06 18:46:24 EDT)" raised an exception
Traceback (most recent call last):
  File "C:\Users\vedav\OneDrive\Documents\GitHub\Safe-Transaction\env\Lib\site-packages\apscheduler\executors\base.py", line 131, in run_job
    retval = job.func(*job.args, **job.kwargs)
             ^^^^^^^^^^^^^^^^^^^^^^^^^^^^^^^^^
  File "C:\Users\vedav\OneDrive\Documents\GitHub\Safe-Transaction\insta485\transaction_manager.py", line 558, in check_scheduled_deadlines
    expired_tickets = self.connection.execute("""
                      ^^^^^^^^^^^^^^^
AttributeError: 'TransactionManager' object has no attribute 'connection'
2025-10-06 18:42:48 - apscheduler.executors.default - INFO - run_job:129 - Running job "TransactionManager.check_scheduled_deadlines (trigger: interval[0:05:00], next run at: 2025-10-06 18:47:48 EDT)" (scheduled at 2025-10-06 18:42:48.122483-04:00)
2025-10-06 18:42:48 - apscheduler.executors.default - ERROR - run_job:145 - Job "TransactionManager.check_scheduled_deadlines (trigger: interval[0:05:00], next run at: 2025-10-06 18:47:48 EDT)" raised an exception
Traceback (most recent call last):
  File "C:\Users\vedav\OneDrive\Documents\GitHub\Safe-Transaction\env\Lib\site-packages\apscheduler\executors\base.py", line 131, in run_job
    retval = job.func(*job.args, **job.kwargs)
             ^^^^^^^^^^^^^^^^^^^^^^^^^^^^^^^^^
  File "C:\Users\vedav\OneDrive\Documents\GitHub\Safe-Transaction\insta485\transaction_manager.py", line 558, in check_scheduled_deadlines
    expired_tickets = self.connection.execute("""
                      ^^^^^^^^^^^^^^^
AttributeError: 'TransactionManager' object has no attribute 'connection'
2025-10-06 18:46:24 - apscheduler.executors.default - INFO - run_job:129 - Running job "TransactionManager.check_scheduled_deadlines (trigger: interval[0:05:00], next run at: 2025-10-06 18:51:24 EDT)" (scheduled at 2025-10-06 18:46:24.252358-04:00)
2025-10-06 18:46:24 - apscheduler.executors.default - ERROR - run_job:145 - Job "TransactionManager.check_scheduled_deadlines (trigger: interval[0:05:00], next run at: 2025-10-06 18:51:24 EDT)" raised an exception
Traceback (most recent call last):
  File "C:\Users\vedav\OneDrive\Documents\GitHub\Safe-Transaction\env\Lib\site-packages\apscheduler\executors\base.py", line 131, in run_job
    retval = job.func(*job.args, **job.kwargs)
             ^^^^^^^^^^^^^^^^^^^^^^^^^^^^^^^^^
  File "C:\Users\vedav\OneDrive\Documents\GitHub\Safe-Transaction\insta485\transaction_manager.py", line 558, in check_scheduled_deadlines
    expired_tickets = self.connection.execute("""
                      ^^^^^^^^^^^^^^^
AttributeError: 'TransactionManager' object has no attribute 'connection'
2025-10-06 18:47:48 - apscheduler.executors.default - INFO - run_job:129 - Running job "TransactionManager.check_scheduled_deadlines (trigger: interval[0:05:00], next run at: 2025-10-06 18:52:48 EDT)" (scheduled at 2025-10-06 18:47:48.122483-04:00)
2025-10-06 18:47:48 - apscheduler.executors.default - ERROR - run_job:145 - Job "TransactionManager.check_scheduled_deadlines (trigger: interval[0:05:00], next run at: 2025-10-06 18:52:48 EDT)" raised an exception
Traceback (most recent call last):
  File "C:\Users\vedav\OneDrive\Documents\GitHub\Safe-Transaction\env\Lib\site-packages\apscheduler\executors\base.py", line 131, in run_job
    retval = job.func(*job.args, **job.kwargs)
             ^^^^^^^^^^^^^^^^^^^^^^^^^^^^^^^^^
  File "C:\Users\vedav\OneDrive\Documents\GitHub\Safe-Transaction\insta485\transaction_manager.py", line 558, in check_scheduled_deadlines
    expired_tickets = self.connection.execute("""
                      ^^^^^^^^^^^^^^^
AttributeError: 'TransactionManager' object has no attribute 'connection'
2025-10-06 18:51:24 - apscheduler.executors.default - INFO - run_job:129 - Running job "TransactionManager.check_scheduled_deadlines (trigger: interval[0:05:00], next run at: 2025-10-06 18:56:24 EDT)" (scheduled at 2025-10-06 18:51:24.252358-04:00)
2025-10-06 18:51:24 - apscheduler.executors.default - ERROR - run_job:145 - Job "TransactionManager.check_scheduled_deadlines (trigger: interval[0:05:00], next run at: 2025-10-06 18:56:24 EDT)" raised an exception
Traceback (most recent call last):
  File "C:\Users\vedav\OneDrive\Documents\GitHub\Safe-Transaction\env\Lib\site-packages\apscheduler\executors\base.py", line 131, in run_job
    retval = job.func(*job.args, **job.kwargs)
             ^^^^^^^^^^^^^^^^^^^^^^^^^^^^^^^^^
  File "C:\Users\vedav\OneDrive\Documents\GitHub\Safe-Transaction\insta485\transaction_manager.py", line 558, in check_scheduled_deadlines
    expired_tickets = self.connection.execute("""
                      ^^^^^^^^^^^^^^^
AttributeError: 'TransactionManager' object has no attribute 'connection'
2025-10-06 18:52:52 - apscheduler.executors.default - WARNING - run_job:126 - Run time of job "TransactionManager.check_scheduled_deadlines (trigger: interval[0:05:00], next run at: 2025-10-06 18:57:48 EDT)" was missed by 0:00:03.951612
2025-10-06 19:04:49 - werkzeug - INFO - _log:187 -  * Detected change in 'C:\\Users\\vedav\\OneDrive\\Documents\\GitHub\\Safe-Transaction\\insta485\\__init__.py', reloading
2025-10-06 19:04:50 - werkzeug - INFO - _log:187 -  * Restarting with stat
2025-10-06 19:05:09 - apscheduler.executors.default - WARNING - run_job:126 - Run time of job "TransactionManager.check_scheduled_deadlines (trigger: interval[0:05:00], next run at: 2025-10-06 19:06:24 EDT)" was missed by 0:03:45.612276
2025-10-06 19:06:24 - apscheduler.executors.default - INFO - run_job:129 - Running job "TransactionManager.check_scheduled_deadlines (trigger: interval[0:05:00], next run at: 2025-10-06 19:11:24 EDT)" (scheduled at 2025-10-06 19:06:24.252358-04:00)
2025-10-06 19:06:24 - apscheduler.executors.default - ERROR - run_job:145 - Job "TransactionManager.check_scheduled_deadlines (trigger: interval[0:05:00], next run at: 2025-10-06 19:11:24 EDT)" raised an exception
Traceback (most recent call last):
  File "C:\Users\vedav\OneDrive\Documents\GitHub\Safe-Transaction\env\Lib\site-packages\apscheduler\executors\base.py", line 131, in run_job
    retval = job.func(*job.args, **job.kwargs)
             ^^^^^^^^^^^^^^^^^^^^^^^^^^^^^^^^^
  File "C:\Users\vedav\OneDrive\Documents\GitHub\Safe-Transaction\insta485\transaction_manager.py", line 558, in check_scheduled_deadlines
    expired_tickets = self.connection.execute("""
                      ^^^^^^^^^^^^^^^
AttributeError: 'TransactionManager' object has no attribute 'connection'
2025-10-06 19:06:51 - werkzeug - INFO - _log:187 -  * Restarting with stat
2025-10-06 19:07:58 - werkzeug - INFO - _log:187 -  * Restarting with stat
2025-10-06 19:11:24 - apscheduler.executors.default - INFO - run_job:129 - Running job "TransactionManager.check_scheduled_deadlines (trigger: interval[0:05:00], next run at: 2025-10-06 19:16:24 EDT)" (scheduled at 2025-10-06 19:11:24.252358-04:00)
2025-10-06 19:11:24 - apscheduler.executors.default - ERROR - run_job:145 - Job "TransactionManager.check_scheduled_deadlines (trigger: interval[0:05:00], next run at: 2025-10-06 19:16:24 EDT)" raised an exception
Traceback (most recent call last):
  File "C:\Users\vedav\OneDrive\Documents\GitHub\Safe-Transaction\env\Lib\site-packages\apscheduler\executors\base.py", line 131, in run_job
    retval = job.func(*job.args, **job.kwargs)
             ^^^^^^^^^^^^^^^^^^^^^^^^^^^^^^^^^
  File "C:\Users\vedav\OneDrive\Documents\GitHub\Safe-Transaction\insta485\transaction_manager.py", line 558, in check_scheduled_deadlines
    expired_tickets = self.connection.execute("""
                      ^^^^^^^^^^^^^^^
AttributeError: 'TransactionManager' object has no attribute 'connection'
2025-10-06 19:27:06 - apscheduler.executors.default - WARNING - run_job:126 - Run time of job "TransactionManager.check_scheduled_deadlines (trigger: interval[0:05:00], next run at: 2025-10-06 19:31:24 EDT)" was missed by 0:00:42.284832
2025-10-06 19:31:24 - apscheduler.executors.default - INFO - run_job:129 - Running job "TransactionManager.check_scheduled_deadlines (trigger: interval[0:05:00], next run at: 2025-10-06 19:36:24 EDT)" (scheduled at 2025-10-06 19:31:24.252358-04:00)
2025-10-06 19:31:24 - apscheduler.executors.default - ERROR - run_job:145 - Job "TransactionManager.check_scheduled_deadlines (trigger: interval[0:05:00], next run at: 2025-10-06 19:36:24 EDT)" raised an exception
Traceback (most recent call last):
  File "C:\Users\vedav\OneDrive\Documents\GitHub\Safe-Transaction\env\Lib\site-packages\apscheduler\executors\base.py", line 131, in run_job
    retval = job.func(*job.args, **job.kwargs)
             ^^^^^^^^^^^^^^^^^^^^^^^^^^^^^^^^^
  File "C:\Users\vedav\OneDrive\Documents\GitHub\Safe-Transaction\insta485\transaction_manager.py", line 558, in check_scheduled_deadlines
    expired_tickets = self.connection.execute("""
                      ^^^^^^^^^^^^^^^
AttributeError: 'TransactionManager' object has no attribute 'connection'
2025-10-06 19:50:22 - apscheduler.executors.default - WARNING - run_job:126 - Run time of job "TransactionManager.check_scheduled_deadlines (trigger: interval[0:05:00], next run at: 2025-10-06 19:51:24 EDT)" was missed by 0:03:58.571293
2025-10-06 19:51:24 - apscheduler.executors.default - INFO - run_job:129 - Running job "TransactionManager.check_scheduled_deadlines (trigger: interval[0:05:00], next run at: 2025-10-06 19:56:24 EDT)" (scheduled at 2025-10-06 19:51:24.252358-04:00)
2025-10-06 19:51:24 - apscheduler.executors.default - ERROR - run_job:145 - Job "TransactionManager.check_scheduled_deadlines (trigger: interval[0:05:00], next run at: 2025-10-06 19:56:24 EDT)" raised an exception
Traceback (most recent call last):
  File "C:\Users\vedav\OneDrive\Documents\GitHub\Safe-Transaction\env\Lib\site-packages\apscheduler\executors\base.py", line 131, in run_job
    retval = job.func(*job.args, **job.kwargs)
             ^^^^^^^^^^^^^^^^^^^^^^^^^^^^^^^^^
  File "C:\Users\vedav\OneDrive\Documents\GitHub\Safe-Transaction\insta485\transaction_manager.py", line 558, in check_scheduled_deadlines
    expired_tickets = self.connection.execute("""
                      ^^^^^^^^^^^^^^^
AttributeError: 'TransactionManager' object has no attribute 'connection'
2025-10-06 19:56:24 - apscheduler.executors.default - INFO - run_job:129 - Running job "TransactionManager.check_scheduled_deadlines (trigger: interval[0:05:00], next run at: 2025-10-06 20:01:24 EDT)" (scheduled at 2025-10-06 19:56:24.252358-04:00)
2025-10-06 19:56:24 - apscheduler.executors.default - ERROR - run_job:145 - Job "TransactionManager.check_scheduled_deadlines (trigger: interval[0:05:00], next run at: 2025-10-06 20:01:24 EDT)" raised an exception
Traceback (most recent call last):
  File "C:\Users\vedav\OneDrive\Documents\GitHub\Safe-Transaction\env\Lib\site-packages\apscheduler\executors\base.py", line 131, in run_job
    retval = job.func(*job.args, **job.kwargs)
             ^^^^^^^^^^^^^^^^^^^^^^^^^^^^^^^^^
  File "C:\Users\vedav\OneDrive\Documents\GitHub\Safe-Transaction\insta485\transaction_manager.py", line 558, in check_scheduled_deadlines
    expired_tickets = self.connection.execute("""
                      ^^^^^^^^^^^^^^^
AttributeError: 'TransactionManager' object has no attribute 'connection'
2025-10-06 20:01:24 - apscheduler.executors.default - INFO - run_job:129 - Running job "TransactionManager.check_scheduled_deadlines (trigger: interval[0:05:00], next run at: 2025-10-06 20:06:24 EDT)" (scheduled at 2025-10-06 20:01:24.252358-04:00)
2025-10-06 20:01:24 - apscheduler.executors.default - ERROR - run_job:145 - Job "TransactionManager.check_scheduled_deadlines (trigger: interval[0:05:00], next run at: 2025-10-06 20:06:24 EDT)" raised an exception
Traceback (most recent call last):
  File "C:\Users\vedav\OneDrive\Documents\GitHub\Safe-Transaction\env\Lib\site-packages\apscheduler\executors\base.py", line 131, in run_job
    retval = job.func(*job.args, **job.kwargs)
             ^^^^^^^^^^^^^^^^^^^^^^^^^^^^^^^^^
  File "C:\Users\vedav\OneDrive\Documents\GitHub\Safe-Transaction\insta485\transaction_manager.py", line 558, in check_scheduled_deadlines
    expired_tickets = self.connection.execute("""
                      ^^^^^^^^^^^^^^^
AttributeError: 'TransactionManager' object has no attribute 'connection'
2025-10-06 20:06:24 - apscheduler.executors.default - INFO - run_job:129 - Running job "TransactionManager.check_scheduled_deadlines (trigger: interval[0:05:00], next run at: 2025-10-06 20:11:24 EDT)" (scheduled at 2025-10-06 20:06:24.252358-04:00)
2025-10-06 20:06:24 - apscheduler.executors.default - ERROR - run_job:145 - Job "TransactionManager.check_scheduled_deadlines (trigger: interval[0:05:00], next run at: 2025-10-06 20:11:24 EDT)" raised an exception
Traceback (most recent call last):
  File "C:\Users\vedav\OneDrive\Documents\GitHub\Safe-Transaction\env\Lib\site-packages\apscheduler\executors\base.py", line 131, in run_job
    retval = job.func(*job.args, **job.kwargs)
             ^^^^^^^^^^^^^^^^^^^^^^^^^^^^^^^^^
  File "C:\Users\vedav\OneDrive\Documents\GitHub\Safe-Transaction\insta485\transaction_manager.py", line 558, in check_scheduled_deadlines
    expired_tickets = self.connection.execute("""
                      ^^^^^^^^^^^^^^^
AttributeError: 'TransactionManager' object has no attribute 'connection'
2025-10-06 20:11:24 - apscheduler.executors.default - INFO - run_job:129 - Running job "TransactionManager.check_scheduled_deadlines (trigger: interval[0:05:00], next run at: 2025-10-06 20:16:24 EDT)" (scheduled at 2025-10-06 20:11:24.252358-04:00)
2025-10-06 20:11:24 - apscheduler.executors.default - ERROR - run_job:145 - Job "TransactionManager.check_scheduled_deadlines (trigger: interval[0:05:00], next run at: 2025-10-06 20:16:24 EDT)" raised an exception
Traceback (most recent call last):
  File "C:\Users\vedav\OneDrive\Documents\GitHub\Safe-Transaction\env\Lib\site-packages\apscheduler\executors\base.py", line 131, in run_job
    retval = job.func(*job.args, **job.kwargs)
             ^^^^^^^^^^^^^^^^^^^^^^^^^^^^^^^^^
  File "C:\Users\vedav\OneDrive\Documents\GitHub\Safe-Transaction\insta485\transaction_manager.py", line 558, in check_scheduled_deadlines
    expired_tickets = self.connection.execute("""
                      ^^^^^^^^^^^^^^^
AttributeError: 'TransactionManager' object has no attribute 'connection'
2025-10-06 20:16:24 - apscheduler.executors.default - INFO - run_job:129 - Running job "TransactionManager.check_scheduled_deadlines (trigger: interval[0:05:00], next run at: 2025-10-06 20:21:24 EDT)" (scheduled at 2025-10-06 20:16:24.252358-04:00)
2025-10-06 20:16:24 - apscheduler.executors.default - ERROR - run_job:145 - Job "TransactionManager.check_scheduled_deadlines (trigger: interval[0:05:00], next run at: 2025-10-06 20:21:24 EDT)" raised an exception
Traceback (most recent call last):
  File "C:\Users\vedav\OneDrive\Documents\GitHub\Safe-Transaction\env\Lib\site-packages\apscheduler\executors\base.py", line 131, in run_job
    retval = job.func(*job.args, **job.kwargs)
             ^^^^^^^^^^^^^^^^^^^^^^^^^^^^^^^^^
  File "C:\Users\vedav\OneDrive\Documents\GitHub\Safe-Transaction\insta485\transaction_manager.py", line 558, in check_scheduled_deadlines
    expired_tickets = self.connection.execute("""
                      ^^^^^^^^^^^^^^^
AttributeError: 'TransactionManager' object has no attribute 'connection'
2025-10-06 20:20:20 - werkzeug - INFO - _log:187 -  * Restarting with stat
2025-10-06 20:21:24 - apscheduler.executors.default - INFO - run_job:129 - Running job "TransactionManager.check_scheduled_deadlines (trigger: interval[0:05:00], next run at: 2025-10-06 20:26:24 EDT)" (scheduled at 2025-10-06 20:21:24.252358-04:00)
2025-10-06 20:21:24 - apscheduler.executors.default - ERROR - run_job:145 - Job "TransactionManager.check_scheduled_deadlines (trigger: interval[0:05:00], next run at: 2025-10-06 20:26:24 EDT)" raised an exception
Traceback (most recent call last):
  File "C:\Users\vedav\OneDrive\Documents\GitHub\Safe-Transaction\env\Lib\site-packages\apscheduler\executors\base.py", line 131, in run_job
    retval = job.func(*job.args, **job.kwargs)
             ^^^^^^^^^^^^^^^^^^^^^^^^^^^^^^^^^
  File "C:\Users\vedav\OneDrive\Documents\GitHub\Safe-Transaction\insta485\transaction_manager.py", line 558, in check_scheduled_deadlines
    expired_tickets = self.connection.execute("""
                      ^^^^^^^^^^^^^^^
AttributeError: 'TransactionManager' object has no attribute 'connection'
2025-10-06 20:22:03 - werkzeug - INFO - _log:187 -  * Restarting with stat
2025-10-06 20:22:40 - werkzeug - INFO - _log:187 -  * Restarting with stat
2025-10-06 20:23:04 - werkzeug - INFO - _log:187 -  * Restarting with stat
2025-10-06 20:26:24 - apscheduler.executors.default - INFO - run_job:129 - Running job "TransactionManager.check_scheduled_deadlines (trigger: interval[0:05:00], next run at: 2025-10-06 20:31:24 EDT)" (scheduled at 2025-10-06 20:26:24.252358-04:00)
2025-10-06 20:26:24 - apscheduler.executors.default - ERROR - run_job:145 - Job "TransactionManager.check_scheduled_deadlines (trigger: interval[0:05:00], next run at: 2025-10-06 20:31:24 EDT)" raised an exception
Traceback (most recent call last):
  File "C:\Users\vedav\OneDrive\Documents\GitHub\Safe-Transaction\env\Lib\site-packages\apscheduler\executors\base.py", line 131, in run_job
    retval = job.func(*job.args, **job.kwargs)
             ^^^^^^^^^^^^^^^^^^^^^^^^^^^^^^^^^
  File "C:\Users\vedav\OneDrive\Documents\GitHub\Safe-Transaction\insta485\transaction_manager.py", line 558, in check_scheduled_deadlines
    expired_tickets = self.connection.execute("""
                      ^^^^^^^^^^^^^^^
AttributeError: 'TransactionManager' object has no attribute 'connection'
2025-10-06 20:28:36 - werkzeug - INFO - _log:187 -  * Restarting with stat
